loss/actor,loss/q1,loss/q2,loss/v,timestep
2.3586630265712727,0.003092557349824351,0.0021295742880465714,0.0007069740020997412,1000
1.4798095970153817,0.0005328682088002095,0.0005163605527486645,9.48369071193153e-05,2000
0.6375426553785785,0.0007638595276657724,0.0007164138829830347,0.00011546442586040956,3000
-0.1553240085248836,0.0010409148256585465,0.0009717358978523404,0.00015720127822351125,4000
-0.8801178833842256,0.0011683323173492664,0.001110925711487654,0.00019320234578844975,5000
-1.5123316131830227,0.0015039878519019093,0.0014372407694754666,0.0002593811002225262,6000
-2.0182938240766535,0.001716206294309815,0.0016481883995293186,0.00032063247353653356,7000
-2.3730897890329374,0.002302825542457864,0.0021809632203658048,0.0004357547609251936,8000
-2.594029521465299,0.0026520536169991815,0.0025326090697781176,0.0005314328493695933,9000
-2.7356559643745446,0.0030573282061959607,0.002946255258983003,0.0006317590708786159,10000
-2.8190364459753026,0.0032693907791981522,0.0031576034378958864,0.0007060401906492188,11000
-2.8999393072128297,0.003933417994296178,0.0037706737868720692,0.0008211177524644879,12000
-2.9507020452022505,0.004239857697859408,0.00404859249608126,0.0008898647826572429,13000
-2.9864797554016174,0.004892631983617327,0.004715657838270999,0.0009995253152446832,14000
-3.0503894982337902,0.005384379947441621,0.005217789504793477,0.0011043369578546838,15000
-3.0865731707811372,0.005949715326074502,0.005704624429461544,0.0011995080965280084,16000
-3.1607315005063947,0.005777491304907025,0.005538594556972397,0.0012018385393312199,17000
-3.185746955633167,0.006953919941792283,0.0066649668482132145,0.001364465307560748,18000
-3.2182653113603568,0.007203429553890597,0.006973596269032004,0.001466751480416861,19000
-3.240002870678905,0.007730595004279189,0.0074855126093607395,0.0015319696673541329,20000
-3.2872975715398782,0.008448530028807003,0.008195027228444831,0.0016639621312497166,21000
-3.3165055278539683,0.008786153197754163,0.008625088365515664,0.0016904606358148155,22000
-3.3178538639545434,0.009418932842323573,0.009314847809961052,0.0018517370440531507,23000
-3.3554216337203973,0.01021856733760798,0.010247043220559148,0.0019605085061048157,24000
-3.390081695795058,0.010007384822238253,0.010001354450592755,0.0020097851077443907,25000
-3.4020489220619177,0.010587486283387995,0.010556883355136978,0.002092232784954835,26000
-3.437335162162777,0.011635613988153633,0.011642615470336747,0.002251416791463273,27000
-3.463225892305378,0.012138047772459679,0.012259625595528623,0.002342668311321178,28000
-3.4789251940250483,0.013368570615537465,0.013308917698916074,0.0025520191113464524,29000
-3.5172390904426587,0.012832494284491978,0.012740294502582414,0.0024700068875681646,30000
-3.530679926872251,0.014470338629558684,0.014419074423145493,0.0027137410114519266,31000
-3.5521340761184708,0.014571249421685934,0.014439537075348192,0.0027384497836464967,32000
-3.5379737477302555,0.016141163388267165,0.01569684748072182,0.002925681260530836,33000
-3.591890450477605,0.015948818998411295,0.015558958749752506,0.003047011742601174,34000
-3.585883696317674,0.016700788784306482,0.01658156988257542,0.003150986819295216,35000
-3.622149487972256,0.01680581522081046,0.016499449843540716,0.0031772607610328104,36000
-3.621135237336158,0.01791695167170837,0.01739689188450576,0.0033926517937798045,37000
-3.6517070947885566,0.01819180531520403,0.017579717932268993,0.003413052274379876,38000
-3.662021378278735,0.018788041456136904,0.01818991933576763,0.003501370452577246,39000
-3.6673956174850524,0.020016881640069203,0.01940515706175936,0.003688202361809092,40000
-3.6653750269413066,0.021100098406430342,0.020275823652278653,0.0037501483594532987,41000
-3.721877636432645,0.018776820903644006,0.018167326342780177,0.0035666193346260092,42000
-3.715777383685103,0.02020374286454172,0.019667183637153383,0.0037762721064500534,43000
-3.7575380082130385,0.02025744596449659,0.019596369777340427,0.00383771047322079,44000
-3.7568763253688724,0.021340631203725917,0.02045827246131376,0.003899326958344309,45000
-3.7425909347534203,0.02205083076795562,0.02121985021419821,0.004047889195964661,46000
-3.7643282911777556,0.021509993541985795,0.020804973798338334,0.003902589134173465,47000
-3.7713526809215563,0.020781570453662374,0.019925609506200957,0.003952634322922678,48000
-3.7624397859573375,0.022525003571528934,0.02165862779319283,0.004131045527756223,49000
-3.8395114786624895,0.020627942276187278,0.019957800213247532,0.0039544517351314465,50000
-3.821121124625207,0.021440346125513283,0.02094242760632185,0.003995835926849396,51000
-3.8123167759180117,0.023627327929250874,0.02319532640045509,0.004369499819120396,52000
-3.86720118260384,0.022962383896112465,0.02237467158259826,0.004229331903159637,53000
-3.83065604710579,0.023403413168154665,0.023176794194150724,0.004229628395871261,54000
-3.8295348308086385,0.021860159318894182,0.021443709451239565,0.004169442835031084,55000
-3.8791667501926446,0.023695239169523104,0.023093804210890023,0.00424025994294789,56000
-3.906207774758335,0.022369911613874142,0.0218633679142222,0.0040826993244700155,57000
-3.8847194105386733,0.02208577366359533,0.021781295838765768,0.004220597207429823,58000
-3.9112828927040115,0.02186309216031803,0.021441044813953345,0.004076129157212581,59000
-3.901170097112657,0.02418928812164815,0.023666200836654747,0.0044739816560177125,60000
-3.9230173126459147,0.02241192187834533,0.022104382003657542,0.004202623931108985,61000
-3.9248073079586026,0.022963053341954948,0.022640057163313042,0.004252185284043672,62000
-3.956050305604934,0.023918223062530164,0.023322346960660042,0.004410252181463875,63000
-3.9455377948284185,0.02215136163681747,0.021725958873517807,0.004177309862338003,64000
-3.936663584351539,0.024135006260592524,0.023768135843798464,0.004285311727318902,65000
-3.9344308106899226,0.022560353746172022,0.022383316779974856,0.004193592727300714,66000
-3.991169980764385,0.021612629100214678,0.021393298773560675,0.004090387119678773,67000
-4.004658073067661,0.023088379385415442,0.022899608313571643,0.004169168544816788,68000
-4.009103189229961,0.020202514131087847,0.01956285735219716,0.0038063199376920202,69000
-3.9725502234697303,0.021550591580569795,0.02095594003517181,0.004061289981589652,70000
-3.9981822973489733,0.023179649229161436,0.022687746792100304,0.004184975463082079,71000
-4.030054054379456,0.021369715338107186,0.0209667848772369,0.003971603474696163,72000
-3.9969759703874526,0.021977755006402675,0.0211955234757625,0.004045729631092401,73000
-4.063736779928212,0.022400791982654496,0.021680264522321472,0.004105306679499342,74000
-4.070134571075452,0.019511293168645364,0.018963333403226024,0.003738150381715968,75000
-4.0575141332149505,0.021398133141919955,0.02095858576428142,0.004019802426802921,76000
-4.047009898304938,0.02301156595256184,0.022479921686928736,0.004145125584327616,77000
-4.0816224277019435,0.019558970353100467,0.018924921964760866,0.003787603381206283,78000
-4.081809997320167,0.020833888979628682,0.02014280295558274,0.003866110770846722,79000
-3.9822730330228664,0.020493491818197054,0.020115553435869463,0.003826061758329162,80000
-4.0880702853202875,0.021739560492802415,0.021098414273932567,0.0040369401646312255,81000
-4.065217059910301,0.01942020935658362,0.019033623699564437,0.003646647526999005,82000
-4.137098583936697,0.02084415245754646,0.02008453102502974,0.0038201556563144602,83000
-4.112483350276942,0.020109489910304538,0.019530235131271174,0.0038030287892324823,84000
-4.1293175654411325,0.01980035863118243,0.01936587959015743,0.0036614624392241257,85000
-4.149362110018729,0.020877893540542564,0.020034920131787586,0.003776588167878798,86000
-4.1422366786003035,0.019554309746716198,0.01910020252782844,0.0036217962707160035,87000
-4.137467730283742,0.020506345849949828,0.020009806771762593,0.003723927336395719,88000
-4.162778200268748,0.020001803611870896,0.019766648198943627,0.0037387374747777473,89000
-4.151559775114063,0.019637183184269897,0.019089124680962428,0.0036649634104687825,90000
-4.18404300761223,0.019243564532604066,0.018598006689455396,0.0035532838135259276,91000
-4.151190148234375,0.019931108623743057,0.019593784892465983,0.003693612252129244,92000
-4.207298815488814,0.017954776804894174,0.017628469327930434,0.003389676053775478,93000
-4.185849773764605,0.020432495712768287,0.019977473285514854,0.0036825411100871825,94000
-4.2027244699001285,0.01869641067739578,0.01822866002609952,0.0034745695478050065,95000
-4.183651003479941,0.01985301221394913,0.019594643581658598,0.0037489403882063938,96000
-4.2489894926548,0.01838975005457176,0.01796132703078914,0.003415510505787098,97000
-4.1648590386807935,0.01816012388328085,0.017771180437877832,0.0033577191898366437,98000
-4.220526180267342,0.019451946118380845,0.018971695512067555,0.0035612811245955486,99000
-4.166152025759213,0.017808470193762315,0.017676194545347253,0.003370325555675663,100000
-4.271854119300852,0.018258628075476763,0.017877373879775487,0.0034128078605281187,101000
-4.250096113443371,0.018683653534390016,0.01832368939416483,0.0033872436058009054,102000
-4.265138204574588,0.017963470526505255,0.0177849535867572,0.0033290535163832836,103000
-4.257873726129533,0.019352694367524226,0.019063420709222553,0.0035505559623707043,104000
-4.297317805528645,0.016622476454358485,0.016201178696006537,0.003121343975188214,105000
-4.2953135554790585,0.01837831094767899,0.018052124093752377,0.0033667220411589373,106000
-4.3043269592523625,0.017022817373275757,0.016506715628784155,0.003140372126363218,107000
-4.30898933053015,0.018050500310026113,0.017653571785893322,0.003306723930872966,108000
-4.323573938846593,0.017703342516906584,0.017564228581730276,0.0033144823246402675,109000
-4.12618429625035,0.01856129746325314,0.018017575971782163,0.0033756849452620317,110000
-3.9511162121295933,0.01833709251135587,0.018179593245498823,0.0033008209530380555,111000
-4.298080110073095,0.017588583866599967,0.017358166344463855,0.0032167812923435154,112000
-4.328132937550543,0.019907471567857965,0.019802647607400987,0.0035713257718598475,113000
-4.314919872760777,0.016308861919213068,0.015941579485312107,0.003051001040847044,114000
-4.328248104095461,0.014952391229104266,0.014806162581779043,0.0029350734072504515,115000
-4.275989357352257,0.01802891440223903,0.017604506311006858,0.0033831255593104303,116000
-4.37705148792268,0.016203346590045832,0.015896454886998982,0.0029586197318276376,117000
-4.3334551086425765,0.017974229651968942,0.01764258069731298,0.0032563190613873333,118000
-4.394697464704506,0.015242416179738923,0.015036536397878077,0.002906405225745404,119000
-4.378272377729405,0.016831445857416857,0.01666576277464632,0.003010346012539233,120000
-4.365876997947701,0.018788159515243055,0.018413373187184317,0.0033400444568833314,121000
-4.308841357469564,0.014938266791868956,0.014825048639904704,0.0029356196437729507,122000
-4.366415098190311,0.01668675765581427,0.016291031716857068,0.003118875558953735,123000
-4.3561024200916245,0.017069622294511613,0.01685248925769699,0.0031194486807798972,124000
-4.395087996244432,0.015019797570072114,0.014596732003148647,0.0029010302942479023,125000
-4.216755191832785,0.01679005420673635,0.016474409090820645,0.003086736027267763,126000
-4.375942351818071,0.017042659573256912,0.01705675219744446,0.003232113058678803,127000
-4.4405921930074745,0.017244487843941905,0.017139129862189243,0.0030590627159108436,128000
-4.409679365038879,0.014808906367514255,0.014654953297693288,0.0028325772703974546,129000
-4.383590785324562,0.015584515169728586,0.015285705528222055,0.0028659967414569063,130000
-4.186519363820555,0.01723997125681487,0.016873365456704016,0.003178024086169896,131000
-4.2281972020864504,0.01473806147370486,0.014696016140747802,0.002856192698585801,132000
-4.458267821550377,0.015526138049084672,0.015245015696156767,0.0028744726834702286,133000
-4.451640124320975,0.015412618764908988,0.015264299817383302,0.0028410668697906667,134000
-4.449472191095339,0.015578980455640675,0.015232794598676285,0.0028836374728707596,135000
-4.464344583392143,0.017380400876980274,0.016974449913017418,0.003067436784622259,136000
-4.495970052957541,0.014699091802816823,0.014834729751106371,0.0027539293902227586,137000
-4.470460998892782,0.01611698327213528,0.015653979168273508,0.0029766729506081886,138000
-4.504787818670281,0.014900234554894264,0.014953767435159549,0.002761231792974288,139000
-4.402706965088848,0.014579312723130003,0.014581560705788432,0.0027616992386756446,140000
-4.395364191949349,0.015157511039171359,0.014860689905937759,0.002774095602217128,141000
-4.515854758024214,0.014144067653920499,0.013960373674053719,0.0026820212497841557,142000
-4.508854447364807,0.014889990048482996,0.014739078429061926,0.0027890499946661295,143000
-4.516254411816593,0.015093938840553165,0.01481664465786889,0.0028178363803890456,144000
-4.500597877502443,0.014301761080743734,0.014169856896158312,0.002616314313083424,145000
-4.516394764900221,0.014550175439100718,0.014359530004672681,0.002748538490384813,146000
-4.532200615882881,0.014391102864872652,0.014007823873544122,0.002613027575251186,147000
-4.447890275955203,0.014908211675472544,0.014763994439272251,0.002752535224775786,148000
-4.5614996807575166,0.013902682529762372,0.013531639395281665,0.002577262303675518,149000
-4.542857484936717,0.014840699112974112,0.01474168397439642,0.0026905695258174116,150000
-4.5455743618011395,0.013931640475522726,0.013881092622410466,0.002651316676696296,151000
-4.581586469888689,0.013157732557039723,0.013056278701405962,0.002407742330920882,152000
-4.495756556034098,0.01599228429235517,0.01581436800444498,0.002868113887030631,153000
-4.556549274206156,0.013086240567266968,0.01298611393105239,0.002458667676371982,154000
-4.56107536292076,0.01381402054242789,0.01373898265510797,0.002556637864909136,155000
-4.58120297670364,0.013994162453804167,0.014059781205840387,0.0026115101533941976,156000
-4.573139371752746,0.013998090620851125,0.01398422918422146,0.002657179014640865,157000
-4.600318544387828,0.01376307486090808,0.013574562148656676,0.0025805947456392477,158000
-4.575340608358381,0.014025070144794902,0.013856604861095545,0.0026069638967746896,159000
-4.586587971687321,0.013642392552457755,0.013533608751837154,0.002544780078111217,160000
-4.613762809038155,0.013872968012234218,0.013733434665948167,0.0025814259399776353,161000
-4.623790212154378,0.013575009783729922,0.013362287065945569,0.002465329258353454,162000
-4.576752601861952,0.014334267206955693,0.014322156979702402,0.0027160993298166384,163000
-4.5175114109516095,0.012857336538145315,0.012889759708195931,0.002459559804876338,164000
-4.606197281122198,0.014003894811496137,0.01399640442850068,0.002603097454295496,165000
-4.582675757884971,0.013634487702511269,0.013749215668067307,0.0025166421907488233,166000
-4.603383010506623,0.01383851405000314,0.01368105663033204,0.002627188106242103,167000
-4.643782192945478,0.01326192326913587,0.013381261116126563,0.002474995211523491,168000
-4.6537042319774535,0.01253816673043185,0.012276020979974411,0.002389336835709402,169000
-4.654424998760222,0.013482933385297642,0.01342356984363869,0.0024952119506779207,170000
-4.637367272853855,0.013353468936635169,0.013167395628057443,0.002508919804589822,171000
-4.657117786407464,0.013073499034391726,0.012929713142337264,0.0024849733881419584,172000
-4.651495972394951,0.013187037564115581,0.013109459844185059,0.0024661328279762533,173000
-4.657419570446019,0.013108849984826533,0.013024442026857297,0.0024608600609935844,174000
-4.687114024162296,0.013163971211062732,0.013267072938848302,0.0024954097545705793,175000
-4.683575362801562,0.013402608047239481,0.013390766147058471,0.002413660296646413,176000
-4.7032812750339446,0.012606599532533402,0.012612893297337004,0.002352829069423025,177000
-4.691987729549418,0.01305317919142545,0.01298131121043114,0.0024294299285975286,178000
-4.655207204818726,0.013094995136838383,0.013308593794004998,0.0024637044250848676,179000
-4.697091229200353,0.013179100506706162,0.013293693133629875,0.0024496054821647687,180000
-4.721801050186152,0.013934239903930577,0.013797030019573856,0.002568528311850968,181000
-4.723561558961864,0.012030444528209037,0.01205766020668671,0.002276979654503524,182000
-4.731325291156756,0.012749783821403958,0.012889365743380043,0.0024387598166940713,183000
-4.701497981786742,0.01306167515646666,0.013227862968342377,0.0024093828746699695,184000
-4.6524210306406015,0.014490632263710725,0.014408159334212528,0.0026966663989005644,185000
-4.72950735569,0.012417247915174798,0.012549684635363531,0.002322518671455335,186000
-4.748080711364755,0.012306111009325832,0.012301219767890868,0.0023047538776881944,187000
-4.7226311037540505,0.012398606435861445,0.012373967316932978,0.002317506919731393,188000
-4.741917391538619,0.012040563937742263,0.012227886736858637,0.0023183621843345477,189000
-4.720529469966881,0.013597396401921298,0.013469767574686571,0.0025068117598420984,190000
-4.751670708656309,0.012451291371602554,0.012509854863397766,0.0024062825742876205,191000
-4.614685425698756,0.013131523804506277,0.013209446301683808,0.00246273249940714,192000
-4.7527706885338,0.012043068296974543,0.012124711012700578,0.0023224424453801473,193000
-4.786960610151291,0.012312528902664802,0.012615525419823836,0.0023047308197128606,194000
-4.758606924772256,0.013186679889215177,0.013081182342022674,0.002425554992165417,195000
-4.766229705572131,0.012702563790371659,0.012777102941181494,0.0023316032064030863,196000
-4.752256001949319,0.012456996111897767,0.012460310176480575,0.0023555920647922897,197000
-4.760584542274487,0.011900478137191368,0.012094107261858895,0.002291466862079687,198000
-4.761797392606744,0.014103539845207718,0.014308876072755078,0.002588857656577601,199000
-4.777881760716434,0.01199547054246068,0.012226233374094595,0.0023163061912637134,200000
-4.796412047386168,0.012049961932934793,0.01209501296491361,0.0022383073359378584,201000
-4.784422062397005,0.013113607631530608,0.013091042644577111,0.0024643190316855908,202000
-4.786923307657232,0.011780301137361674,0.011900346695678318,0.0022986433792975733,203000
-4.816931364536282,0.012367719442816439,0.01247217497508974,0.0023305029293405844,204000
-4.7999941616058335,0.012890542903216553,0.012959787960629904,0.0024461827800842015,205000
-4.8231919267177625,0.011712834328413033,0.011749262992525484,0.002229625668085648,206000
-4.7576987066269,0.013900887878844493,0.013851744003128256,0.0025865900423377728,207000
-4.804649889945984,0.011528265484608703,0.01172902892599811,0.0022126510593807247,208000
-4.774318338155742,0.012357607888756292,0.012403531754389385,0.002286058088298891,209000
-4.7788491331338925,0.012533654920523976,0.012748769634868946,0.0024523804248310624,210000
-4.792281462907794,0.012691486488562092,0.012892795367399224,0.0024281968693831055,211000
-4.825940692663201,0.01187004255759527,0.01190019781165757,0.0021986392552498756,212000
-4.381393399715411,0.013060010478133337,0.0128459475869313,0.002576770928746556,213000
-4.750002234458928,0.012369089077692493,0.012496440588729472,0.0023004630536306646,214000
-4.818121105909354,0.011781966582639167,0.01198395971488206,0.0022447986454935728,215000
-4.709711898803714,0.011948880350450058,0.011985859138658272,0.002339136204973332,216000
-4.446747796192766,0.014238276953343279,0.014310959752416237,0.0026278029893874143,217000
-4.683902806997302,0.010865902809193338,0.010810311174020147,0.0020904679467785166,218000
-4.808867535829536,0.011937875111820187,0.012066020591184487,0.0023497640585992533,219000
-4.806705106496808,0.012391313678585036,0.012471684026764702,0.002360844603390429,220000
-4.844055775403964,0.011391756104771045,0.011497152108000591,0.0021403673769091153,221000
-4.8022537856102,0.012179585495963699,0.012159317821962747,0.002344043152639639,222000
-4.7995980103611915,0.012274986206088205,0.01258745842217468,0.002335420689894817,223000
-4.843630588293079,0.011956168477190655,0.011998952384572506,0.0022680165457422837,224000
-4.87202305245398,0.012133839205838754,0.012242074133362615,0.002275187723629643,225000
-4.847275874376293,0.012070818006759526,0.012233538301661646,0.0023083034991286736,226000
-4.813781557321552,0.011488976476481194,0.01159385049715636,0.002287656188243998,227000
-4.313705188274389,0.012010082543827584,0.012156229699961859,0.002277231952932199,228000
-4.893204794883723,0.01216567064449191,0.012120740767568331,0.002322587868315166,229000
-4.812619940280918,0.011424949776846941,0.011528321835445242,0.002178857047983909,230000
-4.880144116163254,0.012192456950200709,0.01239051465620287,0.0023064466083888026,231000
-4.8002593871355215,0.012180474774679196,0.012177231619367379,0.0022823173606884672,232000
-4.819689235210422,0.012753313986118913,0.012746167809236791,0.002360673968447371,233000
-4.894166606426236,0.011241507564438528,0.011199555459897972,0.002178743810567542,234000
-4.883907406568524,0.011124911996535949,0.011305569757008917,0.0021435725261107997,235000
-4.810861933946601,0.011740237450692805,0.01190577994729393,0.0022541933315806096,236000
-4.913760402441026,0.012053890964016314,0.012156036284286516,0.002259374926099558,237000
-4.917638064622889,0.010425443781306956,0.010594691330101344,0.0020191070092259846,238000
-4.85679270517826,0.01279611929296517,0.013014300313079737,0.002442854086111766,239000
-4.921673364162434,0.011767462596297266,0.011917315836530174,0.0022864133723196566,240000
-4.90535416412354,0.011589539353037257,0.011799008697271355,0.002282353745307773,241000
-4.924413593769071,0.011280726605094984,0.011452930308412764,0.002180135844391769,242000
-4.9266234118938455,0.011048652479425075,0.011123293604003286,0.002125536691106385,243000
-4.920223383903503,0.012617834925884353,0.012782079365570088,0.002366223638295196,244000
-4.624328002214418,0.011060301079414752,0.011113141250330963,0.0021823765211738707,245000
-4.745076186537735,0.012328413146780792,0.012425465997075643,0.002291017667215787,246000
-4.936910485863681,0.011454743850044894,0.0116796029866673,0.002179845517908689,247000
-4.91767294716834,0.011889158567180867,0.012024521505227308,0.0022847584532573813,248000
-4.921897417306911,0.011589627569774158,0.011772365095326668,0.0023217011556844204,249000
-4.8595451035499515,0.012264677765313535,0.01235775652830488,0.0023332055081846242,250000
-4.932665904760358,0.010671802588272815,0.010841495743719851,0.002098184573813337,251000
-4.836736666202534,0.012602664247388018,0.012732953043654564,0.0024183818885358008,252000
-4.971797271251684,0.01143595899804498,0.011492287924978894,0.0021807028314215124,253000
-4.9488308784961585,0.011640681079355975,0.011769504383206366,0.0022536449843319185,254000
-4.972685985326768,0.010769237361382711,0.010918187316972751,0.002166704494447919,255000
-4.965397421598438,0.01156358925881796,0.01164732314250431,0.0021846619636053206,256000
-4.961517770528799,0.012169678606092959,0.012335160959511992,0.0022817959036328826,257000
-4.988691326260564,0.01085266992193644,0.011025791861116878,0.0021359838576172465,258000
-4.877395699262621,0.011822356701595723,0.01205072388751431,0.002312098429712932,259000
-4.950436095714562,0.012397577861091138,0.0124560211652424,0.0024263418108457745,260000
-4.976589436531067,0.010621162255527427,0.010829136101528997,0.0021253881144220922,261000
-4.9872180964946695,0.01152279375283979,0.011720124850049616,0.0022062159054912645,262000
-4.996455053567905,0.011759451485006157,0.011837393826106556,0.002236153098521753,263000
-4.9843720870017965,0.010714041210943825,0.010740463287802428,0.0020901052767876515,264000
-4.961808382511138,0.012217823276761923,0.012324139476986616,0.0023690806103986686,265000
-5.006479031801226,0.011324584344401986,0.01149406888568774,0.002217894389759752,266000
-4.978975551843646,0.0112322427930776,0.011472187901381376,0.002251912100648042,267000
-5.009986848592749,0.011282566710840897,0.011418614731170234,0.0021222028492484273,268000
-5.021930982589709,0.012103364775888616,0.012294814046006616,0.0023134646925027477,269000
-4.294851425811651,0.012936480826931062,0.012983023540349697,0.0026348912063985995,270000
-5.020417164325703,0.010679508196888496,0.010863434484694125,0.0021463949744356787,271000
-4.859386053204532,0.011533628582255944,0.011731181659735714,0.0024191696984344102,272000
-4.891770375251766,0.012073777497047572,0.012146691627334824,0.002342832447087862,273000
-4.581201775610449,0.010522080737631785,0.010703380652936158,0.002187131464132114,274000
-3.6940428578108655,0.012814617990516138,0.013081557408906536,0.002487444195023272,275000
-5.00609246206284,0.010203280613292008,0.010390085049206379,0.0020603349374723515,276000
-4.891082720994943,0.01241429095785133,0.01271096703992225,0.002388710195373279,277000
-5.01923273825646,0.010141869239741969,0.010311925453133884,0.0020354149126796946,278000
-5.016629050970075,0.010984192158095568,0.011066819557920103,0.002215916987275705,279000
-5.004505568265924,0.01105976128624751,0.011415519631700602,0.002172266620909792,280000
-4.907960464239123,0.011673879564972602,0.011752668106462827,0.0023085057361749944,281000
-5.048701486825956,0.010260573190404108,0.010470170968677837,0.002035518228483855,282000
-4.870660737514505,0.010719021424185451,0.010718640665523691,0.00214054820884485,283000
-5.008139363288901,0.010895895165158436,0.011019015150610377,0.0021309998216456666,284000
-5.004636644363397,0.010903279544087149,0.011272597603732733,0.0021900445367791684,285000
-4.959512694358823,0.011442444548709328,0.011516373394988453,0.0021891862450283952,286000
-5.044687622547138,0.01240150061598978,0.012651906337821858,0.0022953070623916555,287000
-4.9706072347164225,0.009927254337118904,0.010113279046956448,0.0019934303635964178,288000
-5.0651892848014795,0.010995036125881593,0.011106323139276342,0.0021551856340374775,289000
-4.963270615220078,0.011145635640947128,0.011402087427442894,0.0022144218507455637,290000
-4.799078018546109,0.011349702167790389,0.011474406010238455,0.00228910311945947,291000
-5.024226401329036,0.010531212752452111,0.01075016491278076,0.002088428142422345,292000
-4.954539234757416,0.011361311074579121,0.011522511768387592,0.0022574696452356867,293000
-4.8288499162197125,0.012038406007224698,0.012321401256136594,0.0023218538602231957,294000
-5.0670680632591125,0.010279067783150828,0.010573132241610435,0.002079137496009932,295000
-5.079750061035157,0.009661068114917716,0.009855013644322735,0.0019009359868359728,296000
-4.857685333371183,0.012470647177891807,0.012802599241491422,0.0024268299957038784,297000
-4.986141457676884,0.011296390939271093,0.011554977040970702,0.002353205580671787,298000
-5.024825093388554,0.010509203210240209,0.010660150661366039,0.0021299905220512317,299000
-5.019862132310867,0.010029242857359353,0.010207260158611446,0.0020137221880140734,300000
-5.043045684099199,0.011458128199912612,0.011835131421685201,0.002272109697572883,301000
-5.113850356340407,0.010815135098760942,0.011260490732034644,0.0021186624912661513,302000
-4.712184308506548,0.011331660025753075,0.011461107659386464,0.0022903511584736404,303000
-5.082816943645463,0.00966327269352042,0.009875020962441338,0.0019852996983099696,304000
-5.000597701191897,0.013136507946066585,0.013349612250924105,0.00260160684672883,305000
-4.991899536132842,0.009765653683803974,0.010080884295050049,0.0020430653175571973,306000
-5.038470338940621,0.01122727108746766,0.011623825462535023,0.002320045703439973,307000
-5.125866802692408,0.009498148815240696,0.009640423791715886,0.0019551535284263056,308000
-5.081389314651491,0.010188143624458489,0.010398859878536325,0.00198532072821399,309000
-5.09790040445328,0.011301192525774254,0.011445965227670999,0.0021720165406586634,310000
-4.978388059854511,0.010824633432319389,0.011096360375173382,0.002263274871977045,311000
-5.1114386787414645,0.010710968818282705,0.010929197015939248,0.002081928881467319,312000
-5.138077069044118,0.010175122568616643,0.010283182789105902,0.0020157762434100737,313000
-5.090342274427403,0.010914411339210351,0.011047392829554173,0.002217598599847407,314000
-5.099599314808837,0.009807440148200841,0.010061553528532382,0.002001771258539522,315000
-5.1396462545395,0.009988399313995614,0.01011476668808609,0.002009216768550685,316000
-5.146705951929079,0.00952414476987908,0.009924575391691203,0.0018958445029566072,317000
-5.142892141580577,0.010877299910411248,0.011027161383535718,0.0021987225528573642,318000
-5.144992085218428,0.009718129865359531,0.009856895379722107,0.0019653157514985618,319000
-5.132216750383379,0.011958913809619831,0.012263270448194818,0.0023987240423448395,320000
-5.149924451828006,0.009567164869746195,0.009732231046538801,0.001979207399301233,321000
-5.126303003191942,0.009984884921927017,0.0104854661352001,0.0020620661524590102,322000
-5.149516306400303,0.010620080335298567,0.010779322848888122,0.0021375163375050837,323000
-4.862043341636657,0.010937285754131118,0.011126849196618402,0.002220226587087383,324000
-4.69301591408252,0.010496815611375481,0.010895512376446283,0.0021676087728701564,325000
-5.064150378942491,0.011395342947915199,0.01143781374162061,0.0022848110557533757,326000
-5.035119453430178,0.010265113960951576,0.010709550165105629,0.002074247423850465,327000
-5.177145247459403,0.009058602226432432,0.00920669562066904,0.0018273003774229456,328000
-5.161962125062941,0.01029828457511029,0.010497097866609701,0.002067250356310975,329000
-5.142296685934071,0.01024481605412439,0.010376987298019223,0.00203362678643316,330000
-5.007989173173901,0.010550067830365174,0.010937180184526355,0.002205469054693823,331000
-5.039421827197075,0.009510413556825387,0.009832834690576412,0.0019295252754236557,332000
-5.1599902086257785,0.01064137233048677,0.01070762333250605,0.002089397917035966,333000
-5.0911410350799615,0.010689059493131897,0.010964001457439724,0.002164365310978608,334000
-5.1600450775623345,0.009809369239257664,0.010049394401954483,0.0019778587014880064,335000
-5.182184785842892,0.009414592847228035,0.009646457864204417,0.0019113813721342012,336000
-5.157031140804293,0.010002094593364767,0.010283271790016434,0.0020295435618609206,337000
-5.192823219776141,0.010265116081805912,0.010501914677675795,0.001941515265905768,338000
-5.120018978476517,0.01024409055849535,0.01072044271999039,0.002152247007354162,339000
-5.203888198494912,0.009570756264496558,0.009698800348909568,0.0019078814319800556,340000
-5.183495520591734,0.01006187279359438,0.010195258868392548,0.0020050497946213024,341000
-5.077638252615926,0.0105658824739512,0.010818072811933222,0.002158457358600577,342000
-5.162913108944903,0.009891920467372972,0.010072541938396169,0.00198519934795331,343000
-5.188432764053356,0.009570493818027898,0.009781561820534995,0.0019158765274332815,344000
-5.239659502983093,0.009674626862863092,0.010101262098643949,0.001967468580347489,345000
-5.247651553392393,0.00910793393896891,0.009302817075280488,0.0018184568269061876,346000
-5.209368482112892,0.010206900079734618,0.010478937419131395,0.002024115702894049,347000
-5.228286496639241,0.00915514099295255,0.009333955221110954,0.001860161011281889,348000
-5.208431022405629,0.010016012122854608,0.01021329291607252,0.0020231856280006474,349000
-5.185608268260946,0.009372236045775938,0.009626378873595963,0.0019198550411965714,350000
-5.256094355583185,0.00980079993326216,0.009926745652221099,0.0019027785229845894,351000
-5.098584710836402,0.00927570547210051,0.00971831193007526,0.0018838426829897777,352000
-4.930315499186517,0.01072066626488232,0.010898137426003823,0.002225213722675112,353000
-5.224723611593249,0.009597180822864173,0.009728172032861025,0.0019043341683573078,354000
-5.010117717206473,0.010579923572484433,0.010916231911862266,0.0021469353830325445,355000
-5.222292416095731,0.00963712833425961,0.009831091900588958,0.0019746981784119293,356000
-5.251863393783567,0.008865780381718648,0.009109351832419638,0.0017665990054956634,357000
-5.241346001625073,0.009326181815937142,0.009726279970491308,0.00186533677758416,358000
-5.117746034741393,0.010226718774996691,0.010480223358608782,0.002123158194706776,359000
-5.237539121866222,0.00923547242255881,0.009363545384723693,0.0019020077585591903,360000
-5.264735589742649,0.009412291648332044,0.009599759903270737,0.0018985330366995167,361000
-5.276469440460203,0.008848832012852683,0.00909773968253283,0.0017768462770036404,362000
-5.244838241577146,0.009967017869697878,0.010155730734579295,0.0019962648647488083,363000
-5.25972195911408,0.010046445898711676,0.010367221664171646,0.002029822498734575,364000
-5.135539700150481,0.009670208278810611,0.009850073927314944,0.0019764756450313154,365000
-5.13819787859915,0.00937021080683917,0.009615031309658618,0.0018953016059822397,366000
-5.226020459651956,0.009767959559336327,0.010091001647524531,0.002013979790790471,367000
-4.636129350155575,0.01066844156221488,0.010771566926501707,0.0022363378964364573,368000
-5.10349564361572,0.008788003331283094,0.009037392663769416,0.0017654310350771973,369000
-5.265607452869413,0.009733893916709353,0.009861094252439192,0.001998024843283931,370000
-4.800537843376404,0.010306845637503996,0.010481309760827543,0.0021118473735987253,371000
-5.19084488201141,0.009242396549088866,0.00960587854566985,0.0019485516184940942,372000
-5.300915982484819,0.008538609228329715,0.008643835333175968,0.0016684190768282842,373000
-5.206560478925693,0.011054525190265861,0.011276093551190558,0.002236002880323213,374000
-5.225707730054863,0.008533045197371374,0.008834233548492172,0.0017846999987377757,375000
-5.301180183887487,0.009391001051524649,0.009584169156616557,0.0018334207849111403,376000
-5.237055666685102,0.00887923122919163,0.00907958126859738,0.0017862068190006549,377000
-5.292904545784005,0.008704522742889804,0.009004883415997032,0.0017638913345872378,378000
-5.296020266294487,0.009505759424995616,0.009653536774450905,0.0018394723188248484,379000
-5.112518598496914,0.010629142872290694,0.01071457515237852,0.00206427011557388,380000
-5.341257672309881,0.008276994892163195,0.008506819362519333,0.0016741724298335585,381000
-5.212965366244317,0.011490232038544478,0.011426480990834542,0.002272645343386108,382000
-5.293773520946511,0.0077553515310864905,0.007974969858070823,0.0016509966922458254,383000
-5.299638285875321,0.008362212059088037,0.008678821172798036,0.0016649859749595633,384000
-5.303784978866591,0.009389208889333516,0.00978318782104182,0.001904478500713595,385000
-5.242656181812283,0.009312068152939857,0.009484072276158263,0.001940074928570531,386000
-5.050105528406808,0.010335321420105178,0.010378846075851468,0.002107094591425268,387000
-5.269267742872237,0.008695340192876742,0.008999850518535812,0.001818794683727901,388000
-5.30368066942692,0.008659255485748875,0.008959555680863544,0.001728640078566968,389000
-5.307695545911781,0.0104023918097373,0.010765708056278536,0.001992280002683401,390000
-5.345885374546058,0.008271117503056305,0.008451861112611361,0.0017558654114254737,391000
-5.318166410923011,0.009063798933522771,0.009356142033822826,0.0018181192398187707,392000
-5.328321830272666,0.008930407935986292,0.009106591121759261,0.0018200536770746137,393000
-5.330292413949981,0.009323756789555772,0.009486539528937998,0.0018646656823111736,394000
-5.0367374114990255,0.009479175059823312,0.009843045385554439,0.0019719270117930137,395000
-5.26659916567802,0.009559559601591897,0.00963419062132015,0.0018791928028804286,396000
-5.359147747278224,0.009313805658137395,0.009505165249574952,0.0019033407283131974,397000
-5.343382634878163,0.009215458319755258,0.00954546349262818,0.001868706332810691,398000
-5.22982207334042,0.009737395254895087,0.009978337498148911,0.001964939494209825,399000
-5.3034009757041956,0.009519018663791932,0.009738796416437271,0.0018819577168324006,400000
-5.360345567941664,0.008059085584711282,0.008216698065167274,0.0016380131923360776,401000
-5.340986328363424,0.009895678060129294,0.010201336348196487,0.001988179867214058,402000
-5.244613881826404,0.009073526542400914,0.009223437556764096,0.0019812214553821842,403000
-4.995659970760333,0.009670897620730102,0.009943223121110319,0.0019948129923432105,404000
-5.286519864559166,0.008618420510319988,0.008724440822610646,0.0017589100935729233,405000
-5.271898530483244,0.009433516742195922,0.009691863043466545,0.0019127491001854665,406000
-5.340601109266272,0.010030390547122821,0.010266244258498772,0.0020884633591049346,407000
-5.199829355239862,0.008925445685861667,0.00900784765277056,0.0018531546872109163,408000
-5.377483482122413,0.009686861559515815,0.009853677899111077,0.0019207688963506374,409000
-5.321711958885201,0.009059946503257376,0.009156322654569527,0.0018133102445863174,410000
-5.387922299385047,0.00851841946505011,0.008696786755463119,0.0017048899813089534,411000
-5.344885334014897,0.00850528144929561,0.008627541404915973,0.001704673093627209,412000
-5.259404835224149,0.010196249393513414,0.010526413022773339,0.0021248736434499723,413000
-5.106381774544718,0.008998216739855713,0.008964262943947691,0.0018479207651107565,414000
-5.390868283510212,0.008753719443222513,0.009034112324006886,0.0017961660767323358,415000
-5.393474184632311,0.009571337546687562,0.009866032974095992,0.001880900855117943,416000
-5.317778873443617,0.008388541362714014,0.00853499244013802,0.0018386268625617936,417000
-5.256147711277005,0.009431606825441115,0.009514544663717957,0.001969862919359002,418000
-5.374752534389494,0.008454417680390186,0.008687479763291785,0.0017714386792504206,419000
-5.232749607801437,0.010086077085928995,0.010336422168882593,0.0021622629609191844,420000
-5.3884200121164225,0.008087037766119463,0.008212007727008315,0.0016610991635825484,421000
-5.204129401564599,0.009197407681727783,0.009438319203443828,0.0018492794402409324,422000
-5.383367888569835,0.009339803369017312,0.009376483549829595,0.0019125516106141712,423000
-5.403012340784076,0.008680983757134534,0.008920525816269221,0.0017640262627392083,424000
-5.414961875677098,0.008018926637014374,0.008216972816269857,0.0016532698906958105,425000
-5.3294955751895765,0.009489204073091952,0.00971659737918524,0.0019019364144769503,426000
-5.380531508922585,0.00912909447262063,0.00925178378261626,0.0018226731959148288,427000
-5.39540227890014,0.008700377876870339,0.009018919434165598,0.0018155737990746279,428000
-5.40662074136734,0.008564441020134834,0.008770297054667035,0.0017843342084088388,429000
-5.3008367967605565,0.009523593682330123,0.009803335925796979,0.002004894310026433,430000
-5.245251750588425,0.009447663580067447,0.009505193960154442,0.001945145840873012,431000
-5.255626210451127,0.008139475612435504,0.008391126874834292,0.001652794552617708,432000
-5.399190400838851,0.009058684041490794,0.009216942932456732,0.0018205232241889442,433000
-5.034206248164174,0.008032629977911711,0.008184952368726942,0.001684707991371396,434000
-5.281583355903619,0.009826402985956497,0.009920198726467806,0.0019634288595407282,435000
-5.404883511185632,0.008085175167536374,0.008315470226109019,0.0015917099614744055,436000
-5.420379878759382,0.00855721666896714,0.008731945140520139,0.001709176125936209,437000
-5.4322231240272565,0.00866621460253373,0.008873368872562439,0.0018497598277754158,438000
-5.430054268836994,0.008140062578953796,0.00842931368807331,0.0016785529853659703,439000
-5.433355916500094,0.00889146707532926,0.009059968028217557,0.0017679414843441927,440000
-5.424725786924361,0.008614567070035257,0.008882574277697139,0.0017921743400511325,441000
-5.378887823820123,0.009260664801113329,0.009341950826346859,0.001953330428106713,442000
-5.443152407884605,0.0076381256412714595,0.007978668073890733,0.0015926830777898441,443000
-5.444220012187955,0.008503929600352428,0.008639207396889094,0.0017124169915914535,444000
-5.418507658958447,0.008726437116740274,0.008866313882870585,0.001761958352115474,445000
-5.418303733229651,0.009438463529339032,0.00978149395668875,0.0018899039238458506,446000
-5.347899064302453,0.009189280147897053,0.00932557478826495,0.0019043277029995797,447000
-5.45437822103501,0.008086566300364216,0.008220376451266945,0.0016296701742103308,448000
-5.408531398296364,0.008949762674514207,0.0093852040853817,0.0019120068550691944,449000
-5.414730329036683,0.008789897839305928,0.00895271349628457,0.001788961479382124,450000
-5.441920572996117,0.009711975149810318,0.009954273597337322,0.0019768008669489045,451000
-5.447781844019877,0.008382415969623259,0.008511494095204387,0.0017714908141060709,452000
-5.348875723361968,0.0082932470028754,0.00857094664080068,0.0017362587240641,453000
-5.4241492955684665,0.008717465859605006,0.00891189584857784,0.0017502953593502772,454000
-5.347786969423299,0.007571842847391939,0.007844902374315996,0.001662529092398475,455000
-5.494313814640052,0.009825437503866847,0.009980604459764434,0.0018978612481150767,456000
-5.474131812334054,0.007852963039418686,0.007962677627801895,0.0016232659547240466,457000
-5.414380202054978,0.008691765286261232,0.008990761295193819,0.0018392621558159569,458000
-5.479670715570456,0.008144916264107422,0.008162474082550041,0.0016245902014197734,459000
-5.451577078342437,0.00858696813462302,0.008899166760733374,0.0017710308387759112,460000
-5.437535180330267,0.00864341307408176,0.008757188170216984,0.0017185325341997665,461000
-5.475002524137503,0.008264546099817402,0.008379280936904248,0.00163955356070073,462000
-5.479994687318785,0.009382539673242719,0.009488072873791683,0.0018985672295675628,463000
-5.4858240325451,0.008642757342895492,0.009079219741281097,0.0018919691212940957,464000
-5.357946766495702,0.01001150824199431,0.01047398283542135,0.0021674069596338105,465000
-5.27091782987117,0.009380441308254361,0.009283186926972121,0.0019108967134961866,466000
-5.447886896610263,0.008976807023165738,0.009260023676557476,0.0018844754546880713,467000
-5.124179048419012,0.00963601441867649,0.009874415015568978,0.0020524028476211265,468000
-5.211548836469652,0.00886459986027331,0.00889264072407967,0.0018557774036307825,469000
-5.443661786079395,0.009105845305137321,0.009084426445420804,0.0019061634750105459,470000
-5.298365651965144,0.009276837919140257,0.009570490559563072,0.0019884163818205706,471000
-5.415015368819233,0.010544633042067288,0.010409481579903498,0.0022760650753043585,472000
-5.474162925958626,0.00802418112056332,0.008173544716788442,0.0016191760259098365,473000
-5.041105379462245,0.009194537204923107,0.00958860871940852,0.002045988420548382,474000
-5.506665086030973,0.007881712844595327,0.008007827364141126,0.0016231758471694782,475000
-5.502515185356143,0.00908631043997592,0.009302570241969059,0.001763396490016021,476000
-5.521624361038204,0.008079899285221468,0.008147516360739258,0.0016348841046565207,477000
-5.339815106749539,0.00993492562742905,0.009839295752579314,0.0021213393291109254,478000
-5.134834635019301,0.00896854230272584,0.009362355102784919,0.0019412160340580157,479000
-5.372418823003767,0.008003913386724884,0.00824391010892577,0.0016351742257829762,480000
-5.290571581840522,0.009146334065822893,0.009304778481135176,0.0019362976339762077,481000
-5.520909147262578,0.008074946665205075,0.008228182087186732,0.001773642650572581,482000
-5.298336153984071,0.009730339221190671,0.009779526102822235,0.002051542435132432,483000
-5.492999672412872,0.0080839184222277,0.008131575354374941,0.0016135291933896915,484000
-5.549801589488971,0.008112122001592045,0.008408917954657211,0.001675573882646858,485000
-5.042253181219092,0.009867719829548167,0.009767313734395409,0.002061660263803786,486000
-5.454753018140775,0.00796308188582771,0.008300017642090108,0.0016445268048555575,487000
-5.506472622871391,0.008880216909339642,0.009006937046069644,0.0017814109446480865,488000
-5.558864663124082,0.007835973800625659,0.0079713122958783,0.0016169029480661253,489000
-5.065728386700161,0.008700610121479263,0.008862493156222628,0.0018190720935817794,490000
-5.445534313201899,0.008279921938199564,0.008456671420484766,0.001680781052738893,491000
-5.367474320769305,0.009338545851875085,0.009360968724358825,0.001987919888691977,492000
-5.416367011547081,0.009899580435827386,0.010258843452204031,0.0021846623025485335,493000
-4.934013168759634,0.00892519864276984,0.009232864106539632,0.001895840920275078,494000
-5.496174071311952,0.007824122571852058,0.00799730734690092,0.0016796038221800701,495000
-5.521411683917038,0.009281789239030343,0.009555264240363626,0.00190692936582491,496000
-5.357532883882524,0.008751843458507174,0.009144005375681413,0.0018834685326437465,497000
-5.106012866377836,0.008942374108359206,0.009090305699268364,0.0018580268562654947,498000
-5.5683137773275275,0.007766697745304569,0.00789673391007819,0.0016194439900573377,499000
-5.429402502536781,0.009704597282456255,0.009848366417456402,0.00202097683667672,500000
-5.495681873798358,0.008526161725632841,0.008518316207453603,0.0017952136420062732,501000
-5.487457152843474,0.0076910429981071424,0.007871129879262282,0.0015826833360479207,502000
-5.365863929867749,0.009260188040789217,0.009391748038120581,0.0018746534654055728,503000
-5.4921779407262825,0.01027818330167798,0.010306392521597428,0.002073084867617579,504000
-5.569568711996077,0.007133810174185797,0.007433672791579736,0.0015112379332422262,505000
-5.548133718729016,0.007856110188877219,0.008074753332650269,0.0016590693641337544,506000
-5.330134247004983,0.009367109732003881,0.009293267087312393,0.0019671059693209788,507000
-5.146269104719164,0.009093728140462188,0.009325003677280633,0.0019016534668626287,508000
-4.97025999629498,0.008576749894535192,0.008603562358999641,0.0018361703238915633,509000
-5.443123040199283,0.009355211592512184,0.009574144413229044,0.002029308830620717,510000
-5.574518192768097,0.00760102474200538,0.00783566439640709,0.0015452036767383101,511000
-5.495807070970545,0.007804506526561452,0.008089172091567898,0.0016874982212320897,512000
-5.418746622204783,0.008177107641706252,0.008228278702823437,0.0017249548699473972,513000
-5.478439305186274,0.008814054862130426,0.008992285306332655,0.001813650271040386,514000
-5.064298103332521,0.009794700378319237,0.009995364377275119,0.002088085066003256,515000
-5.17801466441154,0.008734555814415205,0.008877526089316221,0.00198887545027537,516000
-5.585163512945171,0.0074488630283158445,0.007656402331776925,0.0015283800598408592,517000
-5.415801574707037,0.008650238278089096,0.00866634804918432,0.00177689346810803,518000
-5.585667351484299,0.007390651698689904,0.00757012578868308,0.001551022029627349,519000
-5.381622444868096,0.008999758642166854,0.009293871584814041,0.0019273803891264813,520000
-5.3960934317112015,0.007811321631073943,0.007839966890402145,0.0016829063173499877,521000
-5.487671383619308,0.008937529476825154,0.009023434662492944,0.0018631704022409386,522000
-5.555068048954013,0.008288289789343236,0.008545928012579699,0.0016784935113391864,523000
-5.495073443651199,0.008878329767612748,0.008827110887505117,0.0018611151193617859,524000
-5.324505170702933,0.008494071132270613,0.008651676505105588,0.0017808818019111672,525000
-5.3447615828514135,0.008019432347267857,0.008358489377889803,0.0016903354182140925,526000
-5.523201801300039,0.008158521242905422,0.008082166033564169,0.0015954922533710479,527000
-5.503340721368785,0.008219006252940756,0.008482356515480195,0.0017450294399750403,528000
-5.54517914938925,0.008026381868403409,0.008309014542959603,0.0017828956257435467,529000
-5.612736700057981,0.0072692205777857444,0.007433993439655745,0.001489796002744698,530000
-5.475145565748212,0.008751012882217747,0.00889538864791396,0.0019353723566164227,531000
-5.486506398200985,0.007167410057038071,0.007268199702491976,0.0014265367712650917,532000
-5.539450656652439,0.008455303537193664,0.00856750844581983,0.0017420094170956875,533000
-5.516153721451764,0.00781700835772791,0.007929000651463868,0.00167516246321611,534000
-5.120604620873938,0.009987691296264523,0.010043587339343494,0.002061310622142625,535000
-5.312236341595652,0.008092535767704233,0.008239552398445094,0.0016742057451629075,536000
-5.3481073184013255,0.007450359329115597,0.007722350916126749,0.0016309952947776804,537000
-5.605532619953161,0.007283002762123953,0.0074885863990057245,0.0015792368471156792,538000
-5.4735899739265435,0.00814275247021578,0.008259387243539099,0.001598679371119942,539000
-5.434329169273383,0.008192945545306422,0.008306472125696027,0.0016947640989674272,540000
-5.349929964184756,0.00848531178524716,0.008670203363988556,0.0018383225232828431,541000
-5.561261540174478,0.007258882112801083,0.007368489245185628,0.0015240101275267061,542000
-5.59386123085023,0.008197950240923112,0.008267126602819187,0.0016750997397466576,543000
-5.6325025260448545,0.007391042731236667,0.007554078356828537,0.0014922654151450854,544000
-5.637360512256634,0.008165046477690336,0.00841148997447455,0.0016707088447292333,545000
-5.5231649155616624,0.008181681519839909,0.008335439169313744,0.001715049802267459,546000
-5.5344045305252045,0.007502165167592458,0.007630570513894761,0.0015613600839278665,547000
-5.547667131185534,0.0074671870730817075,0.007567325005074961,0.0015471892983769094,548000
-5.6231888163089705,0.00784234647266568,0.008115359771763907,0.001619138941983693,549000
-5.518307909488683,0.008605652689468104,0.00876216822885911,0.001716305804788137,550000
-5.625013245821,0.007431214209180329,0.0075728974735829796,0.0015901325731538232,551000
-5.610065253496164,0.007459921119734659,0.007466519882902507,0.0015769113877322509,552000
-5.646897834777825,0.008487591113662351,0.008694845692720268,0.0016655693857464946,553000
-5.538964662075037,0.007091749591054391,0.007267040499718861,0.0014894245532923393,554000
-5.626373573780064,0.007398242861963814,0.007453463563229911,0.001571568842919078,555000
-5.622258646249768,0.008275093289557833,0.008422645352315168,0.0016480068530654525,556000
-5.567777801752099,0.008165880795801063,0.008245349520584566,0.0016739412107854164,557000
-5.461041794061649,0.007983768581645567,0.008189558171667157,0.00182002161524724,558000
-5.504580061912524,0.006962735308101399,0.0071342413185629915,0.0014923180235491612,559000
-5.65125784420966,0.007741205089259891,0.007940822379197923,0.0015938233062042875,560000
-5.626184759378438,0.007644443547236736,0.007941389200277621,0.0016216930502559956,561000
-5.616131028890606,0.0074779915560502465,0.007569130999734629,0.0015671139762853312,562000
-5.635840261459347,0.007529661841457711,0.007635755360126496,0.0015548726808628983,563000
-5.5473786544799815,0.008189163512783088,0.008244072240777313,0.0016799763532471831,564000
-5.627550235033022,0.007045232700416819,0.0071583828714210564,0.0014546597070875585,565000
-5.617006870269771,0.008160803573206072,0.008183608113555252,0.0016263556111371137,566000
-5.627004246950134,0.008142204645089827,0.008252668139524749,0.0016814357633120375,567000
-5.631246744632727,0.007612654977245242,0.007668703508563355,0.0015844559255638172,568000
-5.679039258718485,0.007523135254159576,0.007716584907379005,0.0015746811964781914,569000
-5.664753444433206,0.0071570312650874246,0.007231517179403469,0.001524001198937185,570000
-5.684287829399111,0.007381496873917058,0.007537737079896041,0.0015298568960279266,571000
-5.7015962104797255,0.006951122573576856,0.007140661417273803,0.0014409435673733264,572000
-5.702466238737112,0.007527942650951459,0.007813518136739708,0.0014922885454143424,573000
-5.69008796787262,0.007505584231344984,0.007573670956538987,0.001579802610969636,574000
-5.466246621131894,0.008602753531420622,0.008765646099112921,0.0017668935934198092,575000
-5.710978464364997,0.007552341621136281,0.007628389321966105,0.0015083996353205318,576000
-5.6585658111572394,0.007201713355956616,0.00745075549301692,0.0015330258064204813,577000
-5.669509712696088,0.007910944521659977,0.008082746874773868,0.0016837267323862788,578000
-5.547484879493711,0.007737615522230046,0.007829400595976045,0.0017292825680924593,579000
-5.638674987792969,0.007071934730513027,0.007233223485527547,0.0014889436503872247,580000
-5.687095593690869,0.008284639144316312,0.008457064361777159,0.001609325189871014,581000
-5.663102392673486,0.007581923663150514,0.007683874625479792,0.0015939383852528416,582000
-5.4621279726028416,0.009776792732998753,0.01008177226083354,0.0020345270031248267,583000
-5.556965349197383,0.006416169310454286,0.0065185558251105195,0.001419383962464052,584000
-5.713225957632073,0.007792896816274153,0.007932521728333093,0.0015992050769273174,585000
-5.67672359108925,0.007823546265251953,0.007958772078389291,0.0016420994347427047,586000
-5.3083963394165,0.008020865273196261,0.008059466395759963,0.001730272168468218,587000
-5.69441285562515,0.007401800563558943,0.007322361112572236,0.0015400055682403013,588000
-5.690354009628291,0.007308510312344891,0.007608421527314924,0.0015494401747710082,589000
-5.4213525960445335,0.007873613277683045,0.00792883578967302,0.0017046280506765458,590000
-5.715034052133557,0.0070885113296099075,0.007294157558353631,0.0014449552241712807,591000
-5.54463763153553,0.008302874007262272,0.008248273949138813,0.001783160381950438,592000
-5.71725419974327,0.007150892445817601,0.007390601567225525,0.0014896537127206092,593000
-5.721571135044098,0.008034726028214223,0.008142802991438642,0.001768523756996728,594000
-5.564795657873147,0.007521602689521389,0.007718725278275099,0.0015619868286303237,595000
-5.572143186807629,0.006929699907079328,0.007138893299037596,0.001450521665159613,596000
-5.714097101688387,0.007366436434211212,0.0076647358916234224,0.0015043820514110849,597000
-5.750836532592773,0.007124680617358534,0.0073689156903419635,0.0014844566810643298,598000
-5.523590656995767,0.007925086163217179,0.008087890839437006,0.0017294602563488308,599000
-5.552347134828573,0.007028960358118641,0.007222356974380087,0.0014546941203298011,600000
-5.743965232729908,0.007098072779597724,0.0072013116457965275,0.0015322802519658581,601000
-5.7239216876029975,0.007333402367774404,0.0075011098419781805,0.0014981191266560962,602000
-5.584356011867508,0.007968680234858784,0.008246465262956934,0.001706446893513202,603000
-5.684749972105027,0.007930660456418989,0.008093127109808845,0.0017165076612145626,604000
-5.588113987445821,0.007320059710182257,0.007468957169214269,0.0015629746618797088,605000
-5.677229906797415,0.0074165549371391325,0.007578132147202263,0.0015785793993854896,606000
-5.76922431278228,0.007061202221550038,0.007245723109692331,0.001474316536914555,607000
-5.749910576105116,0.007781013722997157,0.007965043191798037,0.0016585934258764598,608000
-5.7510291788578165,0.00704649844719096,0.007307415414601575,0.0015000693527399574,609000
-5.708215749979008,0.0073435691215563564,0.00755533470143564,0.0016213310306193336,610000
-5.6932802958488535,0.00738014282030054,0.0076012371939141446,0.0016322222687303995,611000
-5.725761498689648,0.007639431237941621,0.007694786370033404,0.0015666198096005253,612000
-5.638673470258713,0.008355527350446194,0.008404736333526664,0.0017426198903704067,613000
-5.768378315806394,0.007068839743500577,0.0074180102322716195,0.0015131878063548395,614000
-5.6319683129787474,0.007187872673617677,0.007510585922515011,0.0015991490086889812,615000
-5.777201057910915,0.007044272221624854,0.007182000200729817,0.001439229249081108,616000
-5.743024068117134,0.007708532111020765,0.00787201415980235,0.0016028428853023823,617000
-5.65908612251282,0.007943411872955034,0.008117857772856956,0.0017025345337460729,618000
-5.772906716108315,0.007399706611176955,0.007537264290964237,0.001473192376084623,619000
-5.733137894630445,0.006916861526202406,0.007136659497860815,0.0013911048811860378,620000
-5.764660094499575,0.007632117457222199,0.007924792482750494,0.001625727031263524,621000
-5.730914752483368,0.008272766762180256,0.008475373337976653,0.0017895979252643868,622000
-5.730997860431659,0.007733023877488448,0.007965731186093755,0.0018409276479505912,623000
-5.628448997497566,0.007344341164454832,0.007551222588168456,0.001610599593783263,624000
-5.509241965293889,0.008365015243645775,0.008291914588771782,0.0017412467952817698,625000
-5.744530916690837,0.007793767893686886,0.008001182919135326,0.001589072007394862,626000
-5.76755633926391,0.007500402920180911,0.007715609719045463,0.001647204224369489,627000
-5.686908046483993,0.007455357170430954,0.007846962860552599,0.0016558378542540619,628000
-5.735971010208132,0.007846173478057616,0.007994367425562815,0.0016989821333554546,629000
-5.755489058494567,0.007844508514506734,0.008260334371356298,0.0015704740803339499,630000
-5.600720641970631,0.009204463294940065,0.009178930790163582,0.0020537598169175922,631000
-5.7506086742877995,0.008008599162567395,0.00810936546325685,0.0016997090332442934,632000
-5.680574828386316,0.009361855056136844,0.009784983165794979,0.0021180813757237043,633000
-5.593649431586273,0.008134104368044088,0.008479220114415518,0.0018442381964414371,634000
-5.702195000171663,0.007735112290829435,0.007894628645619373,0.0016263087753322887,635000
-5.740914554357525,0.007527115604840226,0.0075559869413264185,0.0015338547964347511,636000
-5.771439388275141,0.0081902262866497,0.008439660583855575,0.0017917028762167316,637000
-5.767497676372531,0.007648005138849831,0.007760119655868029,0.0017242992335231998,638000
-5.646139544248583,0.009157728693913672,0.009461460500257098,0.0021981212042737675,639000
-5.735376313686374,0.008350219170097286,0.008174777123844254,0.0018119156156899412,640000
-5.692006033658991,0.008419947633054106,0.0083390547214076,0.0018084266530349845,641000
-5.359985638380053,0.008652774884132646,0.009099596701562416,0.0018594200728693977,642000
-5.78873027229308,0.007375505147269009,0.007427243183483358,0.0015766768039320595,643000
-5.562215443611152,0.008786154481582334,0.008594657487468809,0.001800746363645886,644000
-5.7640529127121,0.009281657515792165,0.00923758457740769,0.002276170236116743,645000
-5.7504961946010535,0.007301232071127749,0.007496323157101876,0.001579696863715069,646000
-5.719540022611624,0.007611014076275753,0.007986873553367328,0.0015910238077631216,647000
-5.8187230463027815,0.00719981903210283,0.00736607804987579,0.0015070934942341403,648000
-5.553234792709357,0.00808570704306475,0.008110974560258914,0.0017540137988980877,649000
-5.753501777410504,0.008472771696513516,0.008708724662894372,0.0018326462869881616,650000
-5.567038231611248,0.008250307679059926,0.008569578605005526,0.001909726087236771,651000
-5.744818812370306,0.007032341700047257,0.007279841153416779,0.0016053002165281193,652000
-5.748930185079576,0.008796514791203662,0.008660839307587586,0.0018051306077395575,653000
-5.734261369347569,0.010102655773051068,0.01070770879974587,0.0024234558993484726,654000
-5.6925454144477845,0.008054754605051125,0.008228555449284596,0.0017417664221138693,655000
-5.7284278521537795,0.007908464530715718,0.007952758703846487,0.0018510277392342692,656000
-5.651884798288359,0.008462300292449067,0.00871705433283932,0.0019627041263156615,657000
-5.773375165939325,0.007837529580574475,0.00796296922210603,0.0016405856618657724,658000
-5.809324630379699,0.007157175348373139,0.007488277461845425,0.0015082518234849013,659000
-5.798992338657375,0.007223968128440902,0.007530017292592695,0.001538961147482043,660000
-5.521810854315761,0.009035465789725998,0.009344022755511078,0.0020641238359967247,661000
-5.739985929250713,0.007469095381442451,0.007658890779362991,0.0017255176372127582,662000
-5.774813006043435,0.007707936421036718,0.007858235396677637,0.0016863479472813197,663000
-5.775065993666642,0.007734575639013196,0.007807785282842807,0.0017308419019100253,664000
-5.764277191162101,0.008326961049577222,0.00859669700916857,0.0017777241953299413,665000
-5.789898754835127,0.007236611022613947,0.007618825341109187,0.0015848496643593557,666000
-5.7132782101631205,0.008008496080525236,0.00782818647962994,0.0017224388833856213,667000
-5.839305009365082,0.007270924717420708,0.007749703087843975,0.0015979526251321667,668000
-5.807360899209989,0.007358630362199619,0.007383419522549949,0.0015486607745988272,669000
-5.673106985569002,0.008121765203308316,0.008406040130881589,0.001825396636908407,670000
-5.786787306070331,0.007212344171479352,0.007464504122966898,0.0015800896832370206,671000
-5.6528358638286615,0.008573288340587177,0.008642832377459867,0.0018653133296174938,672000
-5.748243319749824,0.006931972239166508,0.007030639108037577,0.001447434522793628,673000
-5.729431725025182,0.007644215075066326,0.00784593678894453,0.0016642379061086107,674000
-5.6534881339073175,0.0076747200579848195,0.007945866066263985,0.0017114496382418995,675000
-5.663812143325811,0.008141177819808925,0.008479314303025618,0.0018807898901286493,676000
-5.835495162248616,0.006887556770350786,0.007068881036015237,0.0014504434815025876,677000
-5.613845781683915,0.008857321669114706,0.009024427370168259,0.0020666881641373046,678000
-5.834324448108677,0.00733183966670186,0.007728075854014593,0.0016433528304332838,679000
-5.87562414669991,0.006625158902723335,0.006808359181042761,0.0015595779418654285,680000
-5.842050323724754,0.008042004965245722,0.008159266313072306,0.0017229681484750435,681000
-5.618081463575362,0.00846585192577912,0.008677875363035156,0.0019741365354857456,682000
-5.886717796564099,0.006620318057015542,0.006838779541896663,0.0013713268144056193,683000
-5.730741921067233,0.007363915942842136,0.007698910080362104,0.0016039936864399328,684000
-5.8258042948246,0.007540952784940612,0.007892648204229765,0.0016376266546430998,685000
-5.789700948476784,0.0068837733480613585,0.0071202176380902645,0.0014719871383276765,686000
-5.7895463728904755,0.007404872820596203,0.007659026709385221,0.0016292315508471792,687000
-5.823015773534777,0.00758570645330475,0.007795138610061272,0.0017166355115477937,688000
-5.698644001126289,0.008148608812596637,0.008567386465147124,0.0017933078524074505,689000
-5.873733259916307,0.007493968199472886,0.007503132280195133,0.001543553307070399,690000
-5.84931790661813,0.006885428627021596,0.007051779803819954,0.0015401482941233516,691000
-5.760419598340977,0.007552028182893984,0.007667815177701432,0.0016923931888304657,692000
-5.622946656465536,0.007985382120125003,0.008121185081079611,0.0018400235286098918,693000
-5.874636597394951,0.007258713427698235,0.00736821448616684,0.0015699539174966095,694000
-5.881046741485592,0.006684187861392276,0.0069438199396245105,0.00146423052303726,695000
-5.87538848912715,0.0073533359896391605,0.007488679237430912,0.0015380625710822626,696000
-5.889552188873307,0.00741582517244388,0.007285058390814816,0.0015487320002866927,697000
-5.7560698852539165,0.00837107026833111,0.008636805090820383,0.001914695898303759,698000
-5.898531804323196,0.00682577088777908,0.007008456557523469,0.0014969821952399767,699000
-5.808822551250451,0.008367660864489188,0.008683413991006094,0.0018538813013583438,700000
-5.871244559645662,0.007851670444710176,0.008112143500009534,0.001714013100892771,701000
-5.863110154390341,0.006727771478006611,0.006937792863231154,0.001423197197669652,702000
-5.865248459339145,0.00694777526066173,0.007227402180200435,0.0016217047096579319,703000
-5.8958491852283474,0.007047652148641647,0.007198010547785093,0.0014875584570108909,704000
-5.889678041934971,0.0072536778037902115,0.007460926043102505,0.0015966041640494914,705000
-5.85769730734825,0.00861011646711267,0.008687955451197917,0.0018685451975907173,706000
-5.846953617334375,0.007558982563437892,0.007693548223935064,0.001674805928836575,707000
-5.86699380350114,0.007127261188230474,0.007358380096033222,0.0016225428805628302,708000
-5.841665658593171,0.009038745628669843,0.00946925027808174,0.0020198688860400544,709000
-5.89396151423454,0.007377469462342563,0.007520290159620348,0.0016930591479758766,710000
-5.86197973036766,0.007524838966317478,0.007722012846497816,0.0015822181830299085,711000
-5.9141862430572445,0.007761927133658913,0.007994915254414078,0.001747308302496092,712000
-5.906242371082304,0.007344453697092825,0.007365124235046096,0.0015355193415889517,713000
-5.87837568116188,0.007590287672472202,0.007677103739930326,0.0014924100866191975,714000
-5.903906986236569,0.007390534522011877,0.007750218149274589,0.0016978213085094456,715000
-5.547979286909093,0.008801544239977387,0.009096268516033889,0.002073159066378135,716000
-5.846538039922719,0.008262029096949848,0.008208409195765862,0.0018762178535689593,717000
-5.927778779745113,0.006401432942715484,0.006678310819901532,0.0013822866201517164,718000
-5.9046010634899195,0.006892047657631338,0.007167131781578069,0.0015774684418574903,719000
-5.9003785941600775,0.0071815086207352614,0.007393049139529469,0.0015182190202467625,720000
-5.897481403350841,0.007522944289958098,0.007626339938258759,0.0016922473501181246,721000
-5.835646002769478,0.008185716507025062,0.008282913878792887,0.0019445267351111389,722000
-5.905041601061818,0.007633669513044866,0.007844350238796339,0.0016646115191397252,723000
-5.764597558498393,0.007985718826297679,0.007997459411853926,0.0016503202451276597,724000
-5.86800647926331,0.008009160963119948,0.008182411562418581,0.0016614296259358518,725000
-5.886283663988122,0.007247055566171192,0.00753108011791482,0.0015709703026805064,726000
-5.870240267992012,0.007867024377454079,0.008094747676514082,0.0017070123326266178,727000
-5.825729650735864,0.00848986785369926,0.008425424745306396,0.0019915150845772546,728000
-5.792407709598556,0.007149177329614753,0.007314856772543869,0.0015014847366255704,729000
-5.9102616443633975,0.00743289049342275,0.007917833392741162,0.0016873208641773078,730000
-5.873372849941241,0.00659627051302232,0.006965780761092897,0.00148411915713222,731000
-5.794446112632744,0.010177493298659104,0.010473710692720462,0.0021940003086347117,732000
-5.909243565082549,0.006603366966359326,0.00692783407284878,0.0015379868207382982,733000
-5.747151355147361,0.008501784135354682,0.008684591360855864,0.0019120201662881323,734000
-5.630934846401215,0.008869955005822699,0.009081662594107925,0.0020787928000208884,735000
-5.7115582799911575,0.006726388989249246,0.006826663864310821,0.0014551127201993949,736000
-5.938839190006263,0.00802840567426755,0.008407867990899832,0.0017287682287860696,737000
-5.897230568528176,0.007699111525667836,0.00805781272356398,0.0017527825193246836,738000
-5.870479685783382,0.009944348465651271,0.01019110642629673,0.0022137743848143175,739000
-5.8477668347358716,0.007089071297319587,0.007321962545393027,0.0016820115243317538,740000
-5.813769324779515,0.007943395846988992,0.00805622789030893,0.0017852581051411133,741000
-5.893282307863244,0.007796568272635355,0.008032833462348198,0.0017080844415468164,742000
-5.964397473812107,0.0066846490239258856,0.006762655831873416,0.0014631607005430828,743000
-5.7485642490386955,0.010341454456793154,0.010757226537214606,0.0022355212615802955,744000
-5.871098201751712,0.008542462855693886,0.008386937148403386,0.0019004257139167721,745000
-5.811920442104334,0.007684234324377027,0.007879601773805915,0.0017422538223909212,746000
-5.816409536838525,0.007031212578411229,0.007334545288002111,0.001620871438353788,747000
-5.926429295659063,0.00819925857684574,0.008494586557848377,0.0018549233168596376,748000
-5.876959547281267,0.00879745692736471,0.008748546735383576,0.0020099514793255366,749000
-5.934394454956056,0.007384543175809082,0.0075442808959633074,0.00152039282253827,750000
-5.954806986570349,0.008263390987180185,0.008542281027417598,0.0018136487031588302,751000
-5.9528775242567065,0.008590350179467337,0.009224540212191651,0.0021696339083719053,752000
-5.9006265420913815,0.008364304649177923,0.008631115906871845,0.001920753164333292,753000
-5.756534602403648,0.009268124085268923,0.009431449979543696,0.0021132801324129117,754000
-5.80040692925454,0.00825839138217272,0.008425599113339568,0.0019144140341668377,755000
-5.915165498256671,0.007001408893498592,0.007137959690997375,0.0015451766684709582,756000
-5.9742603342533105,0.0071326051757205295,0.007271147405961507,0.0015077106247772406,757000
-5.7910517430305495,0.009069445527857203,0.00903878043871371,0.002010166949941782,758000
-5.924827754259117,0.009404953709919941,0.010024092415580537,0.0020949806154530962,759000
-5.939872701168064,0.008974312272155666,0.008593620587838843,0.0018030506074428558,760000
-5.884363538265233,0.007739105874206874,0.008060535361990313,0.002014548352570272,761000
-5.888285479545584,0.008684929335955506,0.009051060560159401,0.0020066422768286415,762000
-5.963111530780784,0.007233462223783141,0.007560768211027607,0.001659523464099041,763000
-5.913651342391972,0.00939351534191517,0.009510359444422651,0.002130052080901806,764000
-5.974973183274264,0.007028155164560299,0.007183115232503049,0.001650820669688982,765000
-5.824545982599265,0.008959211512468743,0.008880935239372788,0.00202602211746853,766000
-5.944814186334617,0.008756346009904525,0.009198261080076922,0.002124470151145939,767000
-5.959444948077198,0.007832302180817362,0.007977248125011096,0.001841815985448197,768000
-5.852996164798738,0.009007933028740792,0.009187362614320616,0.0021360872889636074,769000
-5.7970146899223405,0.007598516458878299,0.0082609456833452,0.0018158645205548995,770000
-5.867129595041283,0.011897162816254397,0.01233382384758439,0.0029201611746102582,771000
-6.007456449747085,0.005969008825952179,0.005991415295866341,0.0013613943021046015,772000
-5.979519497394555,0.007462968201143675,0.00809365234151483,0.001566462994145694,773000
-5.945176457643502,0.007963769713649559,0.008062632835004491,0.0017622518981806974,774000
-5.9088116683959955,0.008528606929117808,0.008927441376727078,0.0021504762705007994,775000
-5.909044426679618,0.00814873082563281,0.008405523228459041,0.0019894407626707064,776000
-5.979140535116183,0.007912005082238466,0.008066737433429819,0.0016324713763315223,777000
-5.944261410713179,0.008579514285782382,0.008882542765932155,0.0020676294249133225,778000
-5.918731410861006,0.008941402709344433,0.009471072028391059,0.002132716839900241,779000
-5.892263648867614,0.010430183239048358,0.010259282288840037,0.002383764566387985,780000
-5.843430732130985,0.006860600563930346,0.0070237945693079245,0.001511807011906056,781000
-6.001197596073156,0.007836982223670939,0.00825768866227008,0.0018653637282550351,782000
-5.985746170759216,0.009234421946341172,0.009142975614639006,0.0019227607140783255,783000
-5.976354911327358,0.007218217655550687,0.007203435661271201,0.0015839224880328398,784000
-5.960746674060811,0.007754649549256997,0.008164352520369003,0.001881287705968136,785000
-5.972747960567478,0.007877010665833947,0.007990535870660077,0.0017224777409574035,786000
-5.941826915502552,0.008040052511729309,0.008353546541184186,0.0019612966532004126,787000
-6.0076077818870575,0.009158700757892803,0.009602594391908475,0.0022774272747337803,788000
-5.968036997079857,0.00755127835506573,0.0077399753499776056,0.001763772999111098,789000
-5.972173784494392,0.007558032460976388,0.00805659724539143,0.001716681190533563,790000
-6.004909744262698,0.007659251449163999,0.007793542415602138,0.0016927481243037604,791000
-5.9353462512493165,0.010361382854636761,0.010694708175025875,0.002537810483772774,792000
-5.952611602783209,0.007408568613231185,0.007506297654472307,0.0018930472235078896,793000
-5.995909182071684,0.008640107943676395,0.008713774582603924,0.00183332133980002,794000
-5.951875972270982,0.009610436870949323,0.009641304278513426,0.0022906105022993907,795000
-5.976511084556588,0.008014129343675437,0.008102772812359039,0.001824325138470157,796000
-5.99873462808132,0.011041769982781268,0.011449681868311034,0.002669499229756192,797000
-6.000169019699109,0.008977262642933073,0.00938424125267191,0.002055107274907642,798000
-5.953432941198364,0.008912460460793222,0.009324545310344556,0.0023932379681500587,799000
-5.987592883110058,0.008099106447538362,0.008040126671083263,0.0018179519276600295,800000
-5.9604766709804675,0.010002636575140078,0.010653709185542558,0.002336012827290686,801000
-5.9550959348678685,0.009567549604224046,0.009225781606044623,0.002375696218863596,802000
-5.97868679738045,0.008163871584343722,0.00831412752438339,0.00179797361540841,803000
-5.919703571319569,0.010508498850278557,0.010218683969927944,0.0026397497125435583,804000
-5.927281669855106,0.009904640313470723,0.010063514291308823,0.002078222298994661,805000
-5.964306736469258,0.009212699013063678,0.008882750793592999,0.002158328400575559,806000
-5.99805894041062,0.010388049583649278,0.010490680621936931,0.0028207080128486253,807000
-6.002596126556406,0.006785129321040592,0.0069815862695686475,0.0016647996457177208,808000
-6.01354802370071,0.00888304850761777,0.00873481925157829,0.0018965206700959265,809000
-5.893419225215919,0.010204632593086007,0.010338258261792351,0.002526199292100505,810000
-5.9543501113653,0.0095723192691803,0.009791375001659603,0.0021631625611335074,811000
-5.935791273593908,0.011140581155195822,0.011447137261740842,0.002595865788171067,812000
-5.998772856950758,0.008733894848031942,0.009304251851979601,0.002050426629371947,813000
-6.006507950305951,0.008462674231966946,0.00883446704666131,0.002315266390913164,814000
-5.870071796178811,0.01021628254000097,0.010531159888254486,0.0023100818360107978,815000
-5.962186726093294,0.01097565125720575,0.010938116691075268,0.0023196786367916454,816000
-6.013761963367474,0.007353742536390202,0.0072451826937030995,0.0017074801546114046,817000
-5.982837552070619,0.009488165775779633,0.00994230598676948,0.0021426791342673843,818000
-6.01426559996604,0.011457302016206055,0.011460750357713559,0.0020271154366200785,819000
-5.963447645902622,0.01071360124577768,0.010810490560950674,0.002684199605719189,820000
-6.012316075801837,0.010796810616739075,0.011200970619916914,0.0024502587364986523,821000
-5.983992334127422,0.009116971326991914,0.009546959292609236,0.0022022142470232175,822000
-6.003144483089443,0.00906685913843103,0.008908185794483856,0.0021904373317374877,823000
-5.9981449887752625,0.01058622699184342,0.010869312582770371,0.002813743069011244,824000
-6.004931993484501,0.007588291434105476,0.008065305527066777,0.0018066141142044257,825000
-5.939637912273411,0.012724838707828904,0.012569699282990773,0.0029582917294464985,826000
-6.008626076221451,0.009595583789283386,0.009413043169770421,0.0023404194390168457,827000
-6.028837221145637,0.00835036659659818,0.008457173274829942,0.0018823303681856447,828000
-5.9833449567556345,0.011162919274065633,0.011439179493812825,0.002717455539270307,829000
-5.9860952143669195,0.00970283679896966,0.010227595339296385,0.002409320073144047,830000
-5.9872523523569114,0.009309807959478347,0.009583977382164446,0.002297382220800505,831000
-6.019395891189573,0.008262578603811544,0.008731626648921515,0.0019562172633013635,832000
-5.966975773096093,0.007783639085944747,0.007708078316645715,0.0018819797363830754,833000
-5.961526071310051,0.010421897406224165,0.010568768960889405,0.00244984376686625,834000
-6.013407275199895,0.009781196171883486,0.009849478139774897,0.0026239116755896246,835000
-6.063897095680251,0.008579780524363749,0.00923262565420009,0.0018173930697957972,836000
-6.0222965109348285,0.010947118812473492,0.010585337881464504,0.0027278923763660685,837000
-5.992848402500148,0.007956791488919418,0.00795052806520833,0.0019435914042405832,838000
-6.023062605142594,0.007881093197735025,0.00806312049995176,0.001909964573103932,839000
-6.009521563887589,0.008776915548834953,0.00867268288019115,0.001802204247214832,840000
-6.033589545249934,0.008077886748127651,0.008245813774643458,0.0020129998224438124,841000
-6.005937596082683,0.009391768536064757,0.010190822164528105,0.0021057233219617037,842000
-6.013671819210057,0.009575260623358178,0.00974185805814341,0.0024626386218587807,843000
-6.020021679162985,0.008339841414010151,0.008395884663565091,0.0019153790030977667,844000
-5.97561087799071,0.009693335053976617,0.009765637702774242,0.0019970944671076707,845000
-6.020282215833657,0.008913654531817885,0.009693571611540419,0.0021164602976059587,846000
-6.034426652312282,0.008038437916431568,0.008542932311422198,0.0018113908495870396,847000
-6.0385753653049425,0.008849866058677432,0.008944424060406153,0.002000851015967785,848000
-6.032734825134285,0.008631226316094384,0.00856217422918418,0.0020165607937960867,849000
-5.996407194495195,0.008260840450180686,0.00838714376999997,0.0020118932545301507,850000
-6.041041342973715,0.007201448701089251,0.007565858246991416,0.0015724935037433193,851000
-6.0629661269188,0.008226418265956442,0.008709986560279473,0.002060299931123155,852000
-6.003192723989479,0.008345764609286557,0.00854059201665223,0.001788105029787401,853000
-6.0587785315513525,0.008692895496031262,0.00913223032723181,0.0020957540394738244,854000
-6.0112825164794845,0.008861895763548075,0.009142271751305088,0.0019884359980933343,855000
-6.058254909753807,0.006432175919413578,0.006561598846456024,0.0015006124105420898,856000
-6.012051809310916,0.009185399617068445,0.009301426687277846,0.002259387766476724,857000
-6.058285010337837,0.007417021042434485,0.007427835473325106,0.0015812825515167802,858000
-6.03123438239097,0.008248829483753068,0.008458367447834451,0.001838111787626986,859000
-6.006975818395616,0.008741276931948953,0.008799440295668311,0.0022722470879089096,860000
-6.038023272037507,0.008094652638537791,0.008556955576641493,0.0020260198604082694,861000
-6.050316132783895,0.008968245545402171,0.008745234702248106,0.0019424916836724192,862000
-6.041775104999548,0.007021991920075369,0.007178172030253333,0.0015070023699663593,863000
-6.071765159606921,0.009381660237908354,0.009346241179155175,0.0019700511073460843,864000
-6.067250478982935,0.0071184914382174565,0.0072109992566984065,0.0016910898279747927,865000
-6.032071291685106,0.007835136078763752,0.00786243843659757,0.0017210657105897586,866000
-6.054028247594831,0.00934051884151996,0.00971425995160825,0.002173664802976421,867000
-6.075089650392532,0.006457481046207236,0.006762719574617224,0.0015118289132951778,868000
-6.052906645774843,0.007483280298882157,0.007343247708398853,0.0015666925944969987,869000
-6.029697941064828,0.007191140684764845,0.0070383845873875535,0.0015516631695209034,870000
-6.077300956487648,0.007573537006275717,0.008082164772786189,0.001824449423002079,871000
-6.069758416652678,0.008753235948970517,0.009290670457296054,0.0020641305579338193,872000
-6.032249724864968,0.007507623064564536,0.0077006642248015796,0.0016915066160727301,873000
-6.0582638809680995,0.007084924492985013,0.007266700292238973,0.0016537631131359368,874000
-6.07241630029677,0.007495902337832375,0.007853701836662352,0.0015959734044736253,875000
-6.061804498434067,0.008922933572437624,0.00886420086491854,0.002063398675585629,876000
-6.065864305257795,0.007207354482496155,0.007507775478065016,0.0016161774103238705,877000
-6.078417212963104,0.007282481940579604,0.007660855467198442,0.0017335681942058697,878000
-6.083936111688611,0.007152409933973102,0.007238119206973344,0.0015502111770329063,879000
-6.066774415254588,0.006855599164264283,0.0070675091522280145,0.001580200214404614,880000
-6.083855920553206,0.0068843795197317354,0.007291414079256354,0.0016261943643912668,881000
-6.065535578012457,0.0069412709595635435,0.006996932011796167,0.0014817746491171421,882000
-6.0653460931777845,0.008114272381644696,0.008444691729731862,0.001929300203570166,883000
-6.072960123777397,0.007598166929325079,0.008234704062808301,0.0018770496171782722,884000
-6.06099475860596,0.0070042266314849205,0.00687117121799383,0.0014760948094772184,885000
-6.064801917791376,0.007291112140403144,0.007465681915869942,0.0017042004542890952,886000
-6.073232544898989,0.007487755246693267,0.007813849271507923,0.00168820558208972,887000
-6.0774720091819745,0.007777071226155385,0.007981951007852333,0.0018576820357702705,888000
-6.0591027433872195,0.007243147250963372,0.007267165624536562,0.0016454458145308314,889000
-6.0202012438774055,0.00686920393025502,0.007016207185806714,0.001543691676517481,890000
-6.04957936453818,0.0074938671099953275,0.007631279142107803,0.0016761012041242797,891000
-6.087209209442128,0.0071738508900161795,0.007204110915306946,0.0016568105851183657,892000
-6.081236530065541,0.009169007375370715,0.00893867552909069,0.002137884186027808,893000
-6.033371989011764,0.0072008648149203495,0.007312526185531165,0.0016834252003754965,894000
-6.077282999753951,0.006526454004226255,0.006582858257461334,0.0015069927490840196,895000
-6.068293745040891,0.007397576977498832,0.007809483598452054,0.001658706123416778,896000
-6.098879587888722,0.006570105103659451,0.0064762450507841966,0.0015311086767469527,897000
-6.0726806898117,0.008035773531068121,0.008264289708691638,0.0017375773442036,898000
-6.049774995803825,0.006750578590203081,0.0070609111611265605,0.0015313702425919474,899000
-6.059923410415657,0.006692683775676423,0.006745130646042527,0.001553561043954689,900000
-6.080629021883004,0.0060926270096097225,0.006259824274573472,0.0012951058230246404,901000
-6.0815265332460395,0.006879070005030366,0.007124309999402609,0.0015235835686326063,902000
-6.0694278798103385,0.007301012046285907,0.0075333722603973105,0.0017159629569796415,903000
-6.0953344941139225,0.006674985401565209,0.006946830384433273,0.0015505294359754753,904000
-6.102368754386893,0.0072128457629587524,0.00740507552819326,0.0016441644270671543,905000
-6.080204185962684,0.006648229795508101,0.006830940771382321,0.00141979374209768,906000
-6.074235416889192,0.007459328478435058,0.007573211373062805,0.0017788378594559614,907000
-6.101328171014787,0.006810469379881399,0.007026033569360148,0.0014401659927098076,908000
-6.082406729698179,0.008521748020313679,0.008838959776563567,0.0018653389250976044,909000
-6.107614493370056,0.006648737105540929,0.006725195225095363,0.001605862965225242,910000
-6.071482663631441,0.006751889155013484,0.006915988631895748,0.0014627225825097438,911000
-6.0809316967725655,0.006476123223779728,0.006662287080893293,0.0014050439428538106,912000
-6.081694977045054,0.006401287282234988,0.006548872825456778,0.0015138353466754772,913000
-6.068567195892334,0.008519077237229791,0.008612325910711663,0.0020010948816779964,914000
-6.056543712139127,0.0065591641730861705,0.0066795276869088425,0.001541756674123463,915000
-6.095849908113478,0.007288972664391623,0.007430145723978059,0.001544235630892218,916000
-6.086369064569477,0.006213846346130588,0.006464887601556254,0.0013326340044150131,917000
-6.065397079944609,0.007308550685411325,0.007447509146993991,0.0016643635530781487,918000
-6.088707267522813,0.006683050687657671,0.006909378560609182,0.0015339583488239471,919000
-6.091783812284458,0.006649417064036246,0.00676534658740275,0.0014630741555301946,920000
-6.080255214691173,0.006486666009761398,0.006720284889219316,0.001495669810479738,921000
-6.095286084413523,0.008356759345857433,0.008500217591412357,0.0018633686241810216,922000
-6.096441524982441,0.006140613507013761,0.006432885037967925,0.0014262237852963125,923000
-6.081037971734993,0.006699978068470959,0.0070045863864943375,0.001433080594229977,924000
-6.086957847118389,0.007644039324251933,0.0074795514463912695,0.0018685686212556913,925000
-6.109911560535425,0.006486912083812059,0.006841761331539611,0.0015519668672350241,926000
-6.102804428577419,0.007559891177341341,0.0077561401966959416,0.001799626968742817,927000
-6.1228467619419185,0.00665777310635896,0.006841997550101946,0.001506498118687884,928000
-6.107515158176413,0.006420094602275632,0.006529792841523891,0.001575433947175044,929000
-6.103557859182345,0.006751881508971567,0.007376714902231462,0.0014706431487866217,930000
-6.057673154592512,0.006671177198179068,0.006841513313585885,0.0015677533096168192,931000
-6.10208690595626,0.006879757530288765,0.006982483502477416,0.001554385846975493,932000
-6.043507405281071,0.006697766889235943,0.006800707904272722,0.0014846518098202066,933000
-6.115034683704367,0.005698225879576069,0.005915414988994601,0.0012484809999004924,934000
-6.114354225873956,0.006854405304067764,0.007278029430424807,0.0015582543216296457,935000
-6.099523205757137,0.0057888616278069125,0.0059873108910396804,0.0012235946127912018,936000
-6.091345098495486,0.006951236087363215,0.007288123101694503,0.0015379046307061814,937000
-6.087981767892829,0.006419495094683958,0.006513935505412512,0.001367506371811033,938000
-6.093297414064416,0.007490288437576976,0.007387697231257339,0.0016521392507420423,939000
-6.067626053571703,0.0071513319015503,0.007373011092306108,0.0016158464840846116,940000
-6.12542995500565,0.006294862354989162,0.006512258441187446,0.0015782632162736252,941000
-6.092581954956057,0.006300446404144176,0.006371538765844879,0.001391068666067441,942000
-6.061324376583098,0.0065759540416766,0.0069630542532540755,0.0015031181545346044,943000
-6.084560702919969,0.007050234049558634,0.0073775824649492325,0.0016606304911547356,944000
-6.093430601119986,0.00571944429771975,0.005756638516671958,0.0012538746499340082,945000
-6.072641321897512,0.006281442189123483,0.0065118705483619066,0.0013387146540044313,946000
-6.096638372421275,0.006594570713932618,0.006845374580705543,0.0014676666623563515,947000
-6.071082318067565,0.00817469807830639,0.008208614415954803,0.0018155687350081314,948000
-6.101215259075159,0.006927296588779427,0.007352024214807907,0.001620412446005507,949000
-6.108725236892696,0.006302165749133575,0.006606607611640356,0.0014361546624568307,950000
-6.086421546697608,0.006206550554838027,0.006395827560918412,0.0014512317965272822,951000
-6.091678909063345,0.007052341835573316,0.007387192202731961,0.001596997872315109,952000
-6.097437714338306,0.006520131754456098,0.0067598602648358845,0.001427144871617203,953000
-6.080960954904564,0.006353943196590993,0.006399528539506716,0.0014127300996624416,954000
-6.076561032533655,0.008202183658722783,0.008299271686701103,0.0019135676017904171,955000
-6.123414165019994,0.006145076612709089,0.006460851566633222,0.0013967006790335283,956000
-6.124429543972008,0.006502232721308249,0.006670381503296091,0.0014955150887835745,957000
-6.107912534952157,0.006131298832711776,0.006368086093803872,0.0014067212227964773,958000
-6.11760670852662,0.007013917050324379,0.007075391283957281,0.0017200747464375993,959000
-6.089900073647507,0.007068283752771089,0.0071926058770623155,0.001616188300802603,960000
-6.070429849147796,0.008216937063843953,0.008187378635862833,0.001833639454562218,961000
-6.125695103406908,0.005693322157720118,0.0057849009062629275,0.0012786073637835193,962000
-6.107084536433227,0.0074112950654234774,0.00745720387902109,0.0015999422592867633,963000
-6.098650901913642,0.007261732518672955,0.007530592760886068,0.001794946369278476,964000
-6.096571638107306,0.00593999621574767,0.006362516900291663,0.0013813591693178752,965000
-6.096058103919019,0.006026394477579749,0.006155822002794586,0.0013880824904772408,966000
-6.141082971096037,0.007673417653189971,0.00792754043196327,0.0017530931905785107,967000
-6.096033027648931,0.006457719739410097,0.006632307094521822,0.0013347132193739528,968000
-6.09745626997948,0.006632416094653317,0.006889601486502219,0.0015082893421931658,969000
-6.113994418859492,0.00725715182721614,0.007580428382614618,0.0019121899198507914,970000
-6.068074788093566,0.006973941662814477,0.007212694210931662,0.00172778929013293,971000
-6.081580402493472,0.006019362902268779,0.006309848499833611,0.001358124535006934,972000
-6.115310704231256,0.005729075498762545,0.0058839527608361,0.0012234906966914429,973000
-6.111303318977352,0.00690679308818652,0.007173771883826695,0.0014554246636398576,974000
-6.1015509452819625,0.006875864396803085,0.00715635616192594,0.0015980998651939442,975000
-6.104404973506938,0.007042460883501911,0.007088035628898073,0.001528993706655456,976000
-6.122197467088703,0.006584171701804735,0.006768597814720127,0.0015091131309745817,977000
-6.113093836069109,0.006496903236024091,0.006864483666373399,0.001429217303753832,978000
-6.101484460592264,0.007106346671702343,0.007089987789513548,0.0014511509850272013,979000
-6.039185105562195,0.007256060694810013,0.007703520433511565,0.0018500590547628195,980000
-6.128683393955225,0.006237718213815237,0.006659916253993287,0.00144765750024817,981000
-6.093538586139681,0.00819691992108709,0.008519519577501338,0.002044189977517819,982000
-6.097716859102237,0.006506480038166049,0.006468813430750738,0.0014315847658435807,983000
-6.097981760978697,0.007006572538288314,0.007668196993647143,0.001625421788252425,984000
-6.099855237722399,0.007183459257939835,0.007567725361324851,0.0016777724557323376,985000
-6.120937013149255,0.005802616506814955,0.005995375195052473,0.0013675646558986038,986000
-6.102690229177473,0.008109042559517514,0.008648156663752139,0.0020165123287006225,987000
-6.1143276560306585,0.006917765212827364,0.007132746953284366,0.0015555256149673365,988000
-6.124826980113984,0.006467196489451453,0.006871573645737955,0.0015488738389976768,989000
-6.108415739774703,0.006747239889809874,0.006904023179318753,0.0015911143018456648,990000
-6.1019451305866195,0.005606458895141262,0.005890190146863471,0.0012884695438842757,991000
-6.081407616019254,0.008226612537633616,0.00848647266847549,0.0018973476003739068,992000
-6.1027721669673936,0.005922144886339084,0.006317880348069602,0.0013880465726833792,993000
-6.094461090326302,0.00898051607178058,0.008912035520421328,0.0020802350260200973,994000
-6.052767230033869,0.006131618259474639,0.006403621663106618,0.001337187302327947,995000
-6.120569943904885,0.006943959222408032,0.00739650838309899,0.0016195708910818202,996000
-6.130434365749368,0.006649344300501972,0.006764169971924295,0.0015340544432692668,997000
-6.066713902950286,0.007410393922240468,0.007550807794090354,0.0016385914310521933,998000
-6.069406637072562,0.006738652371568607,0.006977490649325772,0.0015790168983221518,999000
-6.109971127271661,0.0065755683693569066,0.0069747540052048865,0.001608114231028593,1000000
