{"algo_name": "rambo", "task": "hopper-medium-v2", "seed": 0, "actor_lr": 0.0001, "critic_lr": 0.0003, "dynamics_lr": 0.0003, "dynamics_adv_lr": 0.0003, "hidden_dims": [256, 256], "gamma": 0.99, "tau": 0.005, "alpha": 0.2, "auto_alpha": true, "target_entropy": -3.0, "alpha_lr": 0.0001, "dynamics_hidden_dims": [200, 200, 200, 200], "dynamics_weight_decay": [2.5e-05, 5e-05, 7.5e-05, 7.5e-05, 0.0001], "n_ensemble": 7, "n_elites": 5, "rollout_freq": 250, "dynamics_update_freq": 1000, "adv_batch_size": 256, "rollout_batch_size": 50000, "rollout_length": 5, "adv_weight": 0.0003, "model_retain_epochs": 5, "real_ratio": 0.5, "load_dynamics_path": null, "epoch": 2000, "step_per_epoch": 1000, "eval_episodes": 10, "batch_size": 256, "device": "cuda", "include_ent_in_adv": false, "load_bc_path": null, "bc_lr": 0.0001, "bc_epoch": 50, "bc_batch_size": 256, "obs_shape": [125], "action_dim": 3, "max_action": 1.0}
