loss/actor,loss/critic1,loss/critic2,timestep
-2.429227517366417,0.004418833137373455,0.0034136535549769047,1000
-2.466235868930815,0.0019092953112558482,0.001828772427688819,2000
-2.4730097575187675,0.0027855037916451704,0.0025748274895595444,3000
-2.4768061456680304,0.004309979434357954,0.004320342277060262,4000
-2.4792769489288355,0.005396185313118617,0.005286715288646516,5000
-2.4815836019515993,0.006848101660609259,0.006570463665993885,6000
-2.4826990628242482,0.007987292283680305,0.008150368210393921,7000
-2.483737513542172,0.009600825530476852,0.009605012263171358,8000
-2.4842446985244693,0.011144592244178072,0.011137240310199564,9000
-2.484708069801329,0.01358817315194756,0.013881194110959758,10000
-2.4851492915153535,0.015190648644231277,0.015276950369589027,11000
-2.485552424430852,0.017392021094448873,0.017762296713888646,12000
-2.4859659242629957,0.019599678016267653,0.01944238491915163,13000
-2.4860003499984797,0.02304042786732312,0.02340250602178277,14000
-2.4859964222907993,0.02465791489277035,0.025306967308744776,15000
-2.4866083679199202,0.027622862355783567,0.027805180570110683,16000
-2.487074353694919,0.030946512954309547,0.03150839374959466,17000
-2.487257658004754,0.031706241687759734,0.03201774561032651,18000
-2.487441325664518,0.03455653884261852,0.03536143249273306,19000
-2.487267976284025,0.03671677642501888,0.03790473511628798,20000
-2.4873571457862838,0.04120181300491103,0.0414854655582458,21000
-2.4877866835594182,0.044056276300922015,0.04357372761704031,22000
-2.4878163104057287,0.04655203575827183,0.047281280048191446,23000
-2.4878322858810464,0.04731751788780093,0.048159606985747845,24000
-2.487802785396576,0.052925469186157,0.05373446067795162,25000
-2.487688730716707,0.055527102418243844,0.055735143411904636,26000
-2.4877845311164872,0.059017591603100314,0.060030783668160455,27000
-2.488009177207944,0.06183008930087103,0.062223994873464035,28000
-2.4882375597953805,0.06364222227782006,0.06565313215926305,29000
-2.488169120311739,0.06558275097236027,0.06619822512939554,30000
-2.4882044520378037,0.07037606604397285,0.07151824636757366,31000
-2.4880364799499453,0.07415010941028599,0.07590318880602728,32000
-2.4882768821716392,0.07854233682528135,0.07909587135165927,33000
-2.4884022912979087,0.08174402704462429,0.08128598354756834,34000
-2.488396119594569,0.08217333544790767,0.08257760012894888,35000
-2.4885769858360294,0.08283407135307794,0.08391485467180616,36000
-2.4887880821227997,0.08712278908863667,0.0873882214203478,37000
-2.4886206936836186,0.09234788183122883,0.09400838913768529,38000
-2.4885417342185985,0.09396275958046334,0.09453996279835708,39000
-2.488571970462796,0.10091558156535024,0.10126399010047306,40000
-2.4885708327293465,0.10582560668513193,0.10554672531783608,41000
-2.488761946678164,0.10415860984474429,0.10553491677343838,42000
-2.488752315998077,0.1047125753536821,0.10540939615666878,43000
-2.4887950711250286,0.1095432974621652,0.10957498507574208,44000
-2.488762909889222,0.11443771497905275,0.11463469793647532,45000
-2.4889166836738563,0.11516524364054209,0.11694055547565228,46000
-2.4890959949493414,0.11811037749797099,0.11753729649633195,47000
-2.48908968830108,0.11676300583034745,0.11651209496706715,48000
-2.4892726764678974,0.11764625658839922,0.11684492279589179,49000
-2.4893589649200454,0.11800911428034287,0.11909185596555462,50000
-2.4892812800407356,0.12440957038104533,0.12356727504730225,51000
-2.4894684028625482,0.12225398839265125,0.1221033632382751,52000
-2.489257887363431,0.12156727036088713,0.12467167472839343,53000
-2.489246846675869,0.12628822609782228,0.12546968946605924,54000
-2.489726909160615,0.12581587837636454,0.12354533816128971,55000
-2.489633434772487,0.13243446098268027,0.1290079297274351,56000
-2.4898354024887057,0.12684629123657942,0.12900620242208255,57000
-2.4898995914459334,0.1448686185255642,0.1412898231595753,58000
-2.489945969104771,0.1523272184729576,0.1610905724391344,59000
-2.490005371570593,0.13094344093650562,0.13737569620460283,60000
-2.490036492347721,0.12512699385732415,0.12904475031048074,61000
-2.4900864152908335,0.1397706773355606,0.12880257368087739,62000
-2.4904297595024047,0.128582465328276,0.13210408160090464,63000
-2.490114219665528,0.1323275537863372,0.1426453943029047,64000
-2.49023983621597,0.13668452509492623,0.1431798096150163,65000
-2.49010735607147,0.14072386516630625,0.13585025086253885,66000
-2.490458249092099,0.13484374390542522,0.13664648474752905,67000
-2.4901330285072287,0.15919782440364397,0.1610275537297131,68000
-2.490017194271093,0.1525506840646268,0.15231292757391915,69000
-2.4900531201362606,0.1288785259947181,0.13159293355792753,70000
-2.4902415952682437,0.1380421535521743,0.13789904977381257,71000
-2.4899024581909264,0.16073437178879998,0.15354657216370085,72000
-2.4901082367896956,0.16091502604633606,0.15497256591171035,73000
-2.490145805358879,0.13649934136867525,0.13696310666203487,74000
-2.4900282716751154,0.13983717719465505,0.1430375666618348,75000
-2.4896844191551213,0.1510949713662267,0.15312951086461526,76000
-2.4903029932975818,0.14377278084307923,0.17289358500391291,77000
-2.4899392209053017,0.1675151686891916,0.16021874481439574,78000
-2.4895281615257248,0.16547330278903233,0.14295860003679978,79000
-2.48928809118271,0.17934298257529752,0.1832670646160842,80000
-2.489955641746522,0.1400233029276131,0.1398288442119956,81000
-2.489643535614019,0.19664164323359723,0.1585147970765831,82000
-2.4898424243926973,0.15926018312573453,0.15902386624366024,83000
-2.489286397457121,0.17149105688929522,0.16802894404530533,84000
-2.4888374695777875,0.21788024197518818,0.20551991937309497,85000
-2.488602050304411,0.2060346370935437,0.22908024435490346,86000
-2.4891308073997513,0.1698192164003851,0.16787532989680773,87000
-2.4889997711181664,0.19286034802347418,0.16633797233551723,88000
-2.4888312606811525,0.16539011073857582,0.18462139964848795,89000
-2.4884490299224895,0.16603247965127219,0.1704088340252639,90000
-2.488495198726658,0.17793452876061205,0.17820784966647643,91000
-2.488700296401978,0.18467092022299778,0.17101248402893507,92000
-2.4880408544540424,0.23244945508241663,0.223726307205856,93000
-2.4883314752578736,0.17555136230587984,0.18889107751101225,94000
-2.4885991415977506,0.22667254953831423,0.22620400927960865,95000
-2.4890139226913424,0.17087361741065937,0.19344425474107282,96000
-2.488547705173492,0.22594735408574407,0.26361477696895613,97000
-2.4879956483840933,0.24376254753023385,0.2508294635266067,98000
-2.4877931380271954,0.2668367734104393,0.22645929230749606,99000
-2.487987706661216,0.1726824280023574,0.16763655921071766,100000
-2.487766320228577,0.237930197097361,0.23558353067934565,101000
-2.4885141372680657,0.21457341744005684,0.18430308295786346,102000
-2.488112943172455,0.19881453877687474,0.22422463957965413,103000
-2.487674939155583,0.34717066700011456,0.33561877265572493,104000
-2.487302401065814,0.21242010043561457,0.2229304023683068,105000
-2.4877531633377057,0.3272369586452843,0.2364902042075992,106000
-2.4872108340263313,0.21734290428459657,0.20531066433340275,107000
-2.4870974073410097,0.34338285113126077,0.327299105100334,108000
-2.4866163034439075,0.3338247144743798,0.42700783973932327,109000
-2.4856139898300196,0.7130790424868468,0.6417267298325894,110000
-2.486308613300322,0.36147630167007394,0.27816914956271643,111000
-2.486012014865877,0.6208899934589864,0.5985167381912475,112000
-2.4863970932960475,0.2796579775735739,0.3833381981477138,113000
-2.4850454230308565,0.3411919407993559,0.42023328056186443,114000
-2.4846662888526945,0.5703631953969601,0.44857606258988286,115000
-2.4850882987976055,0.2884795494750134,0.3592181942090393,116000
-2.4861313266754124,0.286488168500364,0.286973845429718,117000
-2.4843520522117566,0.2966015286520127,0.27770886490493996,118000
-2.485965863227838,0.3144334243163463,0.3261582860425111,119000
-2.485626611709596,0.6249830099120737,0.7833278100341562,120000
-2.4852565031051643,0.37157637717574854,0.35893150731921225,121000
-2.4846807141303993,0.33932681158929967,0.6932918849214902,122000
-2.4800022134780897,1.1462533753365263,0.8430528535321363,123000
-2.4838116235733017,0.5061786505505438,0.6644207824021565,124000
-2.4846266951561042,0.38631448700279003,0.37708095262944724,125000
-2.482043061256409,0.5487910095155246,0.7413292101249099,126000
-2.4842479367256107,0.6846909174770119,0.4238637793958191,127000
-2.482376202106472,0.33842387627065146,0.7272882936298853,128000
-2.4822926783561696,1.2555900316536415,1.0509287686198958,129000
-2.4828287105560296,0.32759937105327935,0.3383701108098035,130000
-2.481381591796872,1.13334612482786,0.8728512241542344,131000
-2.4788738856315584,0.6141570241525759,0.5475909330323335,132000
-2.4831317529678363,0.4720195299312477,0.4552616738751524,133000
-2.4832907462119986,0.5363017131313671,0.7815834084898232,134000
-2.483398777484894,0.5885199962109334,0.5555423699095828,135000
-2.482035524368284,0.7098616268783826,1.0784651844352524,136000
-2.481950944423677,0.8756588750630613,1.1294059785530002,137000
-2.481074416160589,0.5548587232455607,0.7506220637112847,138000
-2.481146572113036,1.0727763421535494,1.0047718258649123,139000
-2.4827596921920847,0.7591815241426235,0.92192003042996,140000
-2.482299254894261,1.040119387969375,1.2943528370782742,141000
-2.4817811903953526,0.39340170865505947,0.41436246868967996,142000
-2.4772521529197693,1.3105898808613419,1.7856671422570924,143000
-2.480868034362794,0.9590129018053407,0.8361123397946368,144000
-2.482725901126862,0.4244898940175777,0.4051156415566798,145000
-2.4821719460487364,0.6609860741347077,0.49338388114422443,146000
-2.4811039848327607,0.6274000758677716,0.8082176216244705,147000
-2.48147643613815,1.349429479777812,1.3389058981239834,148000
-2.478977273941032,1.022395886197687,1.2537128687500918,149000
-2.4765562067031848,1.5637637786939769,1.819163515947759,150000
-2.4742352690696734,0.586291146360337,1.1022775554209954,151000
-2.483036215782159,0.5978775141760713,0.36797384924441545,152000
-2.4823003511428805,0.6631666565611952,0.7810915696918984,153000
-2.4765778360366766,1.2332384684458355,1.1657250852137817,154000
-2.4800269415378615,0.6329748079627746,1.5241077712625282,155000
-2.4800119183063485,0.6456928415074957,1.0358075829595312,156000
-2.479159068346022,1.716750377759339,2.0381399559378592,157000
-2.4774127373695363,1.2057348878681666,1.0277120662182573,158000
-2.4791064555645033,0.9761248040050242,1.265914232872426,159000
-2.4789700188636785,0.6803373602777709,1.0496409246772516,160000
-2.481863080024716,0.9501534326672548,0.6097324028462174,161000
-2.477226322412497,1.6278103084564204,3.5598293668180716,162000
-2.4756163313388835,2.1509187470972524,1.1758202490508556,163000
-2.477808219194407,1.6202104940563442,1.771676248922946,164000
-2.471352932929991,1.7505800155550255,1.7896474366039106,165000
-2.482849144935603,0.4048163386434307,0.6016542074084279,166000
-2.4750104253292045,1.571832693278788,2.2532615824788764,167000
-2.4775207271575863,1.3133333367407312,0.866801436349748,168000
-2.478468711614614,0.5573979633897538,0.79383285100758,169000
-2.479059522867204,0.8099820693284268,1.2363560757040966,170000
-2.4725075187683103,1.168855298459529,1.5725195210874046,171000
-2.4802333712577846,0.9490021779835216,1.0872257232964024,172000
-2.476087441205983,1.3955111528709554,1.3695957361534261,173000
-2.475561583042143,1.3698245128467699,1.6396726554930185,174000
-2.4729238255023915,1.473209286242724,2.360593286231158,175000
-2.4746615138053905,1.969796483516692,0.984120854780081,176000
-2.47736089372635,4.399711092531677,2.08002670890093,177000
-2.4772778787612966,1.2586633567810053,0.7329342449009421,178000
-2.4770892729759284,1.6862049399316323,1.8215492399781943,179000
-2.4748341157436373,3.648085084289325,5.201524790048602,180000
-2.474021300315864,1.2966318924129048,0.8516539477556958,181000
-2.4719289896488204,1.2117982283979645,1.040027045473455,182000
-2.4729604222774495,2.6763908018618783,2.1538218866586627,183000
-2.4679872941970844,3.487002550885077,2.8578883209377515,184000
-2.472295424699783,1.7296601849645354,2.85080439074337,185000
-2.4679896392822243,1.7737257491350154,1.3030452093034968,186000
-2.476828537940981,1.977865628853441,2.236157486259941,187000
-2.4698507387638147,0.9399967799335722,2.0465141158551012,188000
-2.4751633136272506,1.3662585026323792,1.1142850436717249,189000
-2.4725955619811972,11.085358686596159,9.011931819424037,190000
-2.4654867298603063,2.5229613231718564,2.9708097803592692,191000
-2.4719951391220065,7.234747306942935,7.519650601908568,192000
-2.467812388658523,8.627988492071632,6.14503207255899,193000
-2.469572429656986,1.7096066466569875,2.09373523622751,194000
-2.4601877610683465,10.339782844394456,6.852010765314104,195000
-2.4611891663074505,2.239415442466736,1.5389471570700386,196000
-2.467013925313951,1.9794676471799597,4.140865736499427,197000
-2.4723626470565727,3.0144368833899486,5.894373218357567,198000
-2.4608665395975087,16.41521638654174,12.804404710918645,199000
-2.4624727432727864,5.500478577077389,6.295395540028813,200000
-2.4601962494850182,7.434677901566009,4.675674228668209,201000
-2.4489643478393504,10.935659645348766,13.494933297395706,202000
-2.4591723163127823,7.4412455579340335,6.996502894878399,203000
-2.461175106525416,9.071685429304827,9.662905083417881,204000
-2.4550338166952077,15.921972430437814,10.391348578602084,205000
-2.4578453598022496,6.6446849480271455,4.955699461638937,206000
-2.454795702815059,3.341022428423158,3.038602984189991,207000
-2.44491874849796,8.93931234127283,10.691423022881159,208000
-2.4603451209068323,19.506796862483025,18.834916530907133,209000
-2.4564244928359966,8.614595490396042,5.294437624156477,210000
-2.4491281144619,15.37806105831269,12.397970299780393,211000
-2.453664359688763,4.9447773821353955,6.834589142501351,212000
-2.4591773455142976,11.217390889585005,15.063687410026791,213000
-2.4550164924859956,5.892138403356063,3.032534540206189,214000
-2.4506699305176767,8.038353248834616,5.301482698589563,215000
-2.443210199892528,62.58090382173674,60.65095356494204,216000
-2.4336497653722753,7.0486452327668445,7.325415048211809,217000
-2.4487223761081642,15.68290534853936,6.9346793813109375,218000
-2.4426012686491045,10.525017766356479,4.658389680385578,219000
-2.439063805997369,11.071307736188178,15.350303209662446,220000
-2.428666813135146,35.040493422687085,42.013954177349774,221000
-2.4338340824246405,19.617748507291054,20.41407869064809,222000
-2.4347612456083243,14.156082050859927,13.470996631085873,223000
-2.4410206314921323,3.3040891151130167,7.098628062158817,224000
-2.440561196565631,15.933374465018517,9.24375243979693,225000
-2.437186674118038,17.100824859321122,15.934042547017338,226000
-2.439321792364125,10.087010162204518,11.371661884278062,227000
-2.4446904451847167,6.262471243679516,7.983252852886921,228000
-2.4275132871866254,14.014495899796488,13.29230256569389,229000
-2.4404351239204405,8.81069972652194,3.528466785579929,230000
-2.4245253508091023,14.568235543787488,16.535168873488907,231000
-2.4210337755680107,35.5708726812006,24.014573344856537,232000
-2.424629434108731,21.513407814711382,21.33205274802447,233000
-2.4147320870161035,14.03781947168707,15.820087482213998,234000
-2.4191612979173667,10.691038744479417,12.755195798695086,235000
-2.421078598886731,17.270015134722012,16.288287447184338,236000
-2.424149376451982,3.320121801972386,4.265833519279954,237000
-2.417882008358839,29.149503574490577,34.432424112260286,238000
-2.4064287358373417,7.281186206251385,6.330265788376352,239000
-2.4129275772869616,13.742245212256888,17.388419680416593,240000
-2.41778544847667,15.133354106724287,21.071430820107558,241000
-2.422807043619457,22.649393091857473,17.126257832050335,242000
-2.4104767766222364,46.70533887672431,46.24029785585418,243000
-2.423003604657949,14.57520955231786,9.078846503525977,244000
-2.4176320726424456,43.720875568091955,20.864441006779693,245000
-2.4001839750856178,19.059518914818728,36.15403008866311,246000
-2.412213582247496,81.31525952935213,59.239377593994135,247000
-2.4076081258654534,81.40340973961356,76.39378192996962,248000
-2.40281312565506,46.22899918943645,46.94760701936496,249000
-2.401614940851925,65.94753102207183,55.121949356377094,250000
-2.427627254575487,21.862086604356747,19.85886257261036,251000
-2.406836047232151,8.760518402397642,28.123930860161824,252000
-2.423334024190904,28.016896542727938,29.593154863357594,253000
-2.39280156652629,36.634515752911554,32.29206239944695,254000
-2.38520212483406,53.10176909995074,34.54076120769984,255000
-2.4067426359653425,28.548786092460162,31.02227776378389,256000
-2.411908128708602,42.60071929228314,32.859638154268204,257000
-2.4074126992113922,13.165524850487722,16.685462368488345,258000
-2.3853206522166754,62.57354375445839,49.269082855939864,259000
-2.410183372914794,25.5393145703077,28.50374289476868,260000
-2.4000613309740997,53.13091923570627,62.65747575658552,261000
-2.3870718894451914,29.019377617716845,33.190969163715856,262000
-2.4044072321057306,18.4177233769894,18.105414245009435,263000
-2.395465523034327,39.15112286120662,30.387964136302514,264000
-2.388576584182677,53.39802100157742,48.107923628985844,265000
-2.4107240805625896,28.341562375545497,27.719383185803945,266000
-2.3973423036634918,42.33144093632702,26.274471323311396,267000
-2.394670185506339,40.59955347561837,57.69473320770255,268000
-2.381933481037615,28.704810079038115,54.66051557123662,269000
-2.3661226761639114,85.32917736685293,72.80855415177359,270000
-2.389907309532171,55.1813589379788,54.65900176161522,271000
-2.363970529586078,54.40770327806472,42.316138912856566,272000
-2.367177084427327,49.04575500762461,35.71518144112829,273000
-2.3734122874289816,27.26018763756751,34.52208312392231,274000
-2.3444764956906443,84.57735475218287,100.7637244219782,275000
-2.3855886743068746,27.61553581547732,41.63610764980311,276000
-2.3893840252160965,42.870322287559524,64.63383383369452,277000
-2.3762573404125793,108.44493579435371,107.71338283205054,278000
-2.3374793698713203,85.20909940445429,47.504137011647344,279000
-2.3677149914503044,17.291876503348362,24.43495116209982,280000
-2.32392041175068,143.8502893159389,146.83233789777762,281000
-2.362626242592931,52.91535758543015,52.83092501783375,282000
-2.364170232087374,102.82659908497338,92.97000809895991,283000
-2.33738835338503,155.97940142822253,92.1860566858055,284000
-2.3301829841732973,38.6803447939158,53.09388556265827,285000
-2.3481506038904185,28.819760048627877,104.7251930023434,286000
-2.348410966217513,49.44354495751861,61.126001527786144,287000
-2.315243846505878,167.875824640989,157.4261423176526,288000
-2.3203144848346704,98.81119013738609,96.97615184807788,289000
-2.325120052963495,49.47289267909526,37.012795754432666,290000
-2.33479053890705,71.3195348111389,63.11626348841188,291000
-2.3445137105584166,64.87754279065133,143.69010400497913,292000
-2.337319510161879,65.69779882967468,68.74290589952464,293000
-2.338293636649847,91.62067096328705,67.31881288886083,294000
-2.3542144082188616,49.169774225830984,58.11325587725639,295000
-2.3340814942419508,35.139861494183485,48.53956725299354,296000
-2.3399314395971644,102.01951150965688,142.04693181371718,297000
-2.3375411249399245,86.32958824145784,72.87283580517752,298000
-2.3298270533382937,42.58590432083609,48.28266608774663,299000
-2.306893411710858,134.4552488098141,80.24450126826771,300000
-2.3291402788460287,29.011491310358068,28.26372329044344,301000
-2.336974357247351,45.45872087061404,75.70486741149416,302000
-2.3132976744025924,56.01037326157095,80.84096508193024,303000
-2.3237043275758644,188.39332542216766,173.00621363270267,304000
-2.314048326700933,55.243735484242535,66.68535677039627,305000
-2.324694412052634,58.742504284024314,59.82016540205473,306000
-2.3216518359780274,55.30704204928882,115.60670196378224,307000
-2.3026721653044175,19.65651985704893,30.96536803245549,308000
-2.3087707086950555,77.54110973668114,26.83270419251918,309000
-2.3078734242022065,51.67540527832503,61.24349261522294,310000
-2.303505855686964,84.81496949052828,93.83490906059728,311000
-2.330566757947199,40.43185925376411,47.24520783376707,312000
-2.2992105633318403,101.75847251784813,84.69850098025792,313000
-2.3196834747493353,83.27663893795042,81.98676888215543,314000
-2.3037282132170995,93.4358238497973,88.15730481719952,315000
-2.3255168329961617,30.64501579403879,25.24474442660815,316000
-2.3382733846008747,51.26299004852765,43.60641442310811,317000
-2.299055538602173,92.98409340894233,90.68300003778928,318000
-2.326819651961322,118.02590364909186,103.87737975454317,319000
-2.3105755407810205,80.43631108140944,93.4563307344913,320000
-2.3217378982305554,68.45236270833023,49.02645462083815,321000
-2.3269859917759828,84.29564963746058,75.02929928493509,322000
-2.3087253025546617,79.447940192938,83.87682480454457,323000
-2.308112913891672,94.74111649203297,128.00401895928354,324000
-2.3065596052110124,59.68928614687924,67.52780832600591,325000
-2.2789230082668346,83.4979491429329,169.94435766339342,326000
-2.301156039059163,146.76927679657882,84.18005816626531,327000
-2.3234244258999834,71.50159350514414,42.12452420115472,328000
-2.310480487018825,128.8214813888072,144.94732048916802,329000
-2.290399316236373,130.5679973957541,131.68178990530978,330000
-2.286099308818583,78.75400877976418,81.86558156728735,331000
-2.281659417390823,102.62841379666375,138.06343814539883,332000
-2.2899840071350335,80.42542460346212,42.054850418806225,333000
-2.262035821110005,148.87593254447006,124.46757659459135,334000
-2.289750837326055,31.520337872266765,35.81484788155549,335000
-2.29092191782593,31.745483622789404,62.82374808669091,336000
-2.2567454112246628,153.31088596463215,97.12833023619652,337000
-2.3075142468214054,15.498184428930259,47.455083864450394,338000
-2.2752699201703117,83.40929345440851,117.08954645037643,339000
-2.29451895678043,55.438899623870896,88.77326737308486,340000
-2.2940207211375157,76.51784847211837,77.61209465527523,341000
-2.2760382927954166,105.53643573093407,88.91023678588861,342000
-2.2628701988458633,42.331868305683095,172.1041954951284,343000
-2.246766718335447,166.41960871553428,63.935837946414914,344000
-2.278897734642022,90.35376611018188,42.01667684221265,345000
-2.271779908433555,108.83807841897016,146.15050263881685,346000
-2.255306946963072,76.95566608476625,104.51967892050749,347000
-2.282174170345061,46.00278989744179,27.154805032491716,348000
-2.2640470827817896,102.58207890367517,86.436620501041,349000
-2.247970402121545,146.81031955075258,277.6951047155861,350000
-2.279844749093053,96.21911655926726,89.4610579202174,351000
-2.2549618623182237,107.6978475294116,84.42862512421621,352000
-2.248661981664595,124.4492075505254,151.19858079195,353000
-2.2672826664447783,32.777918579339946,36.97285873794555,354000
-2.2727623697519275,131.10661762571337,149.10544687652563,355000
-2.2591580454185562,76.25230899763103,111.09486315155017,356000
-2.237325703799723,84.51274941349033,193.14817759013184,357000
-2.264084849894052,153.5291969184874,89.15815449857712,358000
-2.2401212421953685,111.78924590778342,266.38290562534263,359000
-2.235725523650644,95.44495724773407,83.45473777580263,360000
-2.2422389659285495,160.22770523834268,246.94102436733235,361000
-2.2391084418296865,157.91697078943264,110.47857867765438,362000
-2.2537208985090293,131.43359060955027,74.9313721189499,363000
-2.2242521848380625,103.43316564750673,237.83701616430264,364000
-2.211444046974186,152.7236541438102,108.48172325992583,365000
-2.231269403427836,74.19446750736219,105.87076420211802,366000
-2.238348324835303,164.12337063789371,93.86510777139668,367000
-2.244579714179038,140.0632541766169,151.1890919814108,368000
-2.2208883264064814,98.87574138069158,132.13241784048068,369000
-2.207130826592441,234.52911891317368,222.53812378215767,370000
-2.159836725786328,257.74366552543614,268.2195751109122,371000
-2.2043512771129596,238.41202556705477,303.2665443477631,372000
-2.211364300921556,53.92948632621772,48.044737488269874,373000
-2.1621050830408923,210.1075156159401,237.19406374597528,374000
-2.1807975900545724,104.76389892864228,116.75811790657082,375000
-2.1995273279547645,99.10865906286251,75.42668629884727,376000
-2.159561216086149,231.976021047592,229.63974050712565,377000
-2.199388513684277,48.856312741279595,124.65039222240443,378000
-2.172513386964802,207.1308522329327,182.2189388256072,379000
-2.133564524233339,210.1077569618225,235.32693083667726,380000
-2.162876006484035,53.851317599296614,71.00979094743727,381000
-2.172845938891177,30.847800724983188,53.1122111206055,382000
-2.1573915460705777,175.87562655353597,167.4598722567558,383000
-2.131442663073538,321.54941031074554,147.82416509151471,384000
-2.1280113823935354,116.37742659282709,175.67935205268859,385000
-2.135857147336006,175.15615038681065,103.15377127742791,386000
-2.097502343267203,297.45390202140845,411.0750236387251,387000
-2.1101721780896185,254.36862754249532,146.5900092563629,388000
-2.12004136049747,164.42974596595755,159.5157118654254,389000
-2.0831381947249237,177.77809211254112,244.47289614772825,390000
-2.084856801033021,167.39456310272212,162.40372972679123,391000
-2.073976469099522,110.65654028320289,102.44893119430549,392000
-2.085707926273345,112.67643063259125,161.29213035678853,393000
-2.076259996533391,207.1935201511389,139.5210826406479,394000
-2.0497393404021893,330.9675613012315,375.1857986688623,395000
-2.0600721837282197,187.17908233356508,187.15194906711545,396000
-2.062916008412846,396.0951219196325,549.2191912727346,397000
-2.0684283729791604,122.10920797538769,228.37199949455268,398000
-2.035495878815651,245.92084271907785,215.25460807228075,399000
-2.0467124899923768,222.7001841659551,239.3735717487326,400000
-2.063774306774138,127.53104099941257,70.04341102695466,401000
-2.0419926008582157,237.10984545326235,229.14808080577862,402000
-2.0467641099691396,191.48371843910243,211.62882757282244,403000
-2.0459811675548574,323.98686740112237,317.0816060161588,404000
-2.053996008411053,186.5574254398347,364.1797952871321,405000
-2.05622982783616,220.2443875389097,262.4978493595121,406000
-2.0532638840377317,353.2875554332736,380.53198930931103,407000
-2.102084458351133,237.18216785240173,167.51330878257716,408000
-2.070675190925592,275.8529431972501,390.12727450942987,409000
-2.094402137726549,244.466123519898,220.9191264877319,410000
-2.109269029021269,331.46235098266595,340.01835520935015,411000
-2.130506102859979,186.65054542160036,159.03124602890026,412000
-2.1346155800819377,214.37334690189363,301.88075345993076,413000
-2.1354263808727287,384.34511561584515,313.7107407083512,414000
-2.1435677094161494,153.59188349342355,160.3897927627568,415000
-2.143906826436514,173.45497797203026,259.49760757636966,416000
-2.1470318463370166,314.83137276649455,186.4485090141298,417000
-2.1612583307623865,209.28711972999582,328.8939082946781,418000
-2.14536836874485,162.45670532035808,222.79046380043025,419000
-2.1212228179276,387.9974100093851,410.8454690780634,420000
-2.165291278287759,152.97400362586956,251.67552079391453,421000
-2.1709831525757863,245.50793808174134,441.2207254581446,422000
-2.1658640706837167,532.9916947212217,413.5065948467253,423000
-2.1916805684268508,169.7702279453272,146.42619789314256,424000
-2.2011462265551023,106.64607606887833,152.21412197303746,425000
-2.182819393932819,296.88659222030606,423.66235318374595,426000
-2.1850004310682416,241.29232814788838,113.76829623985294,427000
-2.2015436050295887,115.29168596267698,210.64958666420014,428000
-2.202616052843629,356.73818525123613,352.90559736251754,429000
-2.201584944367413,255.20051253128085,152.710073534012,430000
-2.197220803201202,308.2485520401,463.1522028427125,431000
-2.2077714346870767,214.4027915477754,280.19979091835006,432000
-2.185431175589558,185.4290479393,344.32570383834883,433000
-2.2091836489736965,198.57577907943795,193.3182542400359,434000
-2.1986471641510743,357.76354150009155,199.51641748809817,435000
-2.1932861265838133,188.14491571044948,120.45019059753406,436000
-2.200973855435858,243.22975872421208,567.4429765052785,437000
-2.173380039758985,208.31206130981425,258.3605946540829,438000
-2.186999379619962,377.66929374694826,300.91252631378137,439000
-2.1825493854656783,473.22958113479524,334.83064091110253,440000
-2.1754144756346965,396.1065099372864,350.0583358497616,441000
-2.143843976505101,490.51588136291286,853.268000694275,442000
-2.1855808029472814,178.13236538314786,147.2939956741335,443000
-2.1662850787714203,343.2328573112487,295.05078699493424,444000
-2.178617700815197,371.84775949859556,484.418282466889,445000
-2.163452054485679,364.5798278274537,617.7165691566452,446000
-2.1517007969617863,393.7844027709959,538.7709223213194,447000
-2.159497987203303,680.3895552024836,489.5043597183226,448000
-2.150217317759991,443.4757950401308,445.01885485458325,449000
-2.1373335883021345,371.8383340644841,444.87411056900027,450000
-2.151303112983705,200.00184284973122,352.8944092292785,451000
-2.140292079061268,886.8476386222835,1438.73378293991,452000
-2.107904728583987,639.8871095771796,655.8202145423895,453000
-2.1342114103659964,258.01034783172514,246.91189264297512,454000
-2.1114049345850914,239.0769379425049,296.1169738311769,455000
-2.115170670509338,459.2182161445614,720.0963421936045,456000
-2.1155076933950188,480.1882082176198,189.62512265014635,457000
-2.067704164087776,608.4046924972544,714.2788963623055,458000
-2.079948956012719,555.8509874534609,757.7911582298286,459000
-2.064658022418613,433.1360416564943,409.2090804290775,460000
-2.058045436829333,1107.8285243988053,1328.040447303773,461000
-2.063398726344112,518.5203149414057,253.70831621169967,462000
-2.013409972257915,624.932704849243,497.5345477981575,463000
-2.0436223361492116,609.9057871704096,883.6350236282364,464000
-1.9986114149093641,1097.6936776466396,1038.3799259872485,465000
-2.0013493595719383,641.8003011283876,557.4764029655452,466000
-1.9798074329346393,469.2665693092344,386.28262665939366,467000
-1.981386225312946,593.8627475929252,485.783718795776,468000
-1.960234282843765,472.0203063507075,361.6585770683287,469000
-1.944416514798996,325.94847333145145,456.9898386688224,470000
-1.9404280481934537,658.3253882598888,680.0400253219613,471000
-1.934305862382055,258.8916795425411,196.07581602859506,472000
-1.9194482187330708,777.9684547119125,685.9620702209475,473000
-1.908287684105338,487.9840431632996,636.283055042268,474000
-1.9191417818665508,383.14083504104514,404.76320194244363,475000
-1.9248337890207772,157.9986937904358,394.17602491760255,476000
-1.9051435171961792,311.19157309341387,523.3621168479899,477000
-1.8819727359414073,790.7036770858766,798.9714020805364,478000
-1.869135367572308,311.2682620811466,311.1613325996404,479000
-1.8832269704341902,505.52734305954,469.07627359008734,480000
-1.8504462074637422,894.2880454864503,688.1066219520549,481000
-1.8750242579281347,485.3185754203794,497.92384915542544,482000
-1.846121571421621,314.73383710861145,213.2188114356994,483000
-1.853569718122483,522.6148617439271,566.4449367790224,484000
-1.8408714041188343,733.8070512008696,781.476377292635,485000
-1.8133230941891634,572.4723408470162,870.9069877624513,486000
-1.8152398961484424,412.728540802002,355.17160680389395,487000
-1.828640411913394,887.1830786437986,842.0271572303778,488000
-1.8282526368498828,336.8395495529171,274.9054740371698,489000
-1.8530300699770468,510.6655318870539,599.2579438285832,490000
-1.8464052794873704,620.7504413566578,415.60875482940753,491000
-1.827326961666347,1115.037841880801,881.6341315078752,492000
-1.8050119104087325,797.3047779617327,959.5261041145327,493000
-1.8211333322525003,551.307180397034,560.9457706565868,494000
-1.78953163349628,826.0415301132191,936.2161412239105,495000
-1.7823269243538367,685.2628090553268,709.5966715774542,496000
-1.7904718813896205,517.7265146102902,820.8499156227102,497000
-1.8154373926557583,911.5106926574718,659.4599491653454,498000
-1.7956900967657554,630.9512917404169,381.65057815933204,499000
-1.7969249904155735,777.2089561195379,594.848414424897,500000
-1.8082293636202798,1365.7488129959138,2051.1137331771856,501000
-1.8208424632847298,509.41339645385665,274.0594072189338,502000
-1.7995422272384147,1059.0009232139578,1268.983046405791,503000
-1.7750188998058403,1152.9819012146002,530.773879085541,504000
-1.8212926659584028,330.3656236457828,278.72756142806924,505000
-1.8011204898059379,1592.0850352745083,1773.1048667755122,506000
-1.7777479763031008,1197.209750743864,1507.6270750274664,507000
-1.7796981784701325,1195.1633015670805,1066.5066802864073,508000
-1.779597100406886,935.5604194107061,987.8086239280676,509000
-1.7750564933270203,1222.807179023744,1178.3636386642413,510000
-1.792334481179714,739.7682797965988,695.0861147270203,511000
-1.785985792189835,477.26718096160926,516.6315018196111,512000
-1.8098002242743962,596.5496249275199,546.2979175682063,513000
-1.7846658814698493,1010.8420630340607,529.9787606277475,514000
-1.7984450875818723,1044.8736206550598,1152.9432789077762,515000
-1.7908600379675617,526.8645319442761,357.53372406387405,516000
-1.8050508699417118,370.7659723091132,418.5680945548999,517000
-1.8170188715755948,536.1115563735962,372.91152622222864,518000
-1.814414945989846,337.19458017730665,537.6098072357174,519000
-1.7940884288251442,938.817733634949,840.3118951149,520000
-1.81518802601099,318.2937298774707,619.4524322853092,521000
-1.7667262429743988,881.6781838569648,1246.285666675568,522000
-1.8082042870521549,372.354546710968,275.0100192070015,523000
-1.784393303304912,494.59919726943923,588.2017493972781,524000
-1.7913855873346334,1422.7732740859985,1326.3123149414064,525000
-1.8083542541861515,615.4623545227047,766.1740842742929,526000
-1.8090837682485583,743.2627796783455,404.34676066589446,527000
-1.8137415847629283,1065.7266727790834,696.7428037414544,528000
-1.829756473779678,327.1950256042479,961.3501367721564,529000
-1.8348426409959773,241.97617642593383,255.38168070602435,530000
-1.8598190338015543,719.4350908737174,1102.2011362419144,531000
-1.8747145106494434,300.42537339782757,205.7049987335202,532000
-1.8752726621329787,1202.904632469177,925.3429868736292,533000
-1.8806869560182093,876.4459442672727,651.7711925811772,534000
-1.8839205567836754,914.4055192718507,525.5911438217164,535000
-1.878123109728096,925.1231856002811,1808.9979548797623,536000
-1.8873300811648355,1487.2113316574068,1621.256129077911,537000
-1.8918420333638775,823.236437271117,493.7791846466066,538000
-1.8899735349416733,663.9334409713774,484.4655113563556,539000
-1.893892030954363,736.9134660568251,1222.6189076690678,540000
-1.893707211256027,609.7662699584956,527.4465137786862,541000
-1.9074612700492144,672.7474147338859,1194.7387490654025,542000
-1.8848008308410604,822.3299509277346,640.6166354141237,543000
-1.8986166099756934,1073.821447502138,905.8978996658345,544000
-1.9142844449579726,447.69570187377974,673.3210265274042,545000
-1.9050783594846745,1428.1916942672729,1138.1136583328234,546000
-1.8927676289081574,474.5895120773309,946.2449544067406,547000
-1.907613614201547,893.8669560546873,702.5882663002042,548000
-1.8932087215110653,632.2280722808827,668.7706827011111,549000
-1.890811595827342,965.7794472274792,1298.7997927474999,550000
-1.9199793026596301,632.9878636245707,577.8051363220218,551000
-1.8977126267552389,1041.8462552490253,840.8370579833982,552000
-1.9058350176513235,636.4112252502425,846.5159822311391,553000
-1.9205314641594897,1049.8202176208508,976.1608931961094,554000
-1.8950391624867908,494.49939260101394,1287.4170138092004,555000
-1.9064624439477922,1711.0115563430825,1207.4216029968266,556000
-1.8909364296346909,1209.5884384078975,1276.4272680282616,557000
-1.882771165609362,1286.3159922790512,727.0468058013907,558000
-1.906371202826503,1307.3937579421986,1821.383505729676,559000
-1.9250430656671527,785.5338558349612,904.5281904296871,560000
-1.921875091671943,1022.7226831970224,717.6164242172233,561000
-1.9288477429747601,1524.393764617923,1122.962391593933,562000
-1.9402586751580244,1796.4976203002916,1908.6840982971194,563000
-1.9307548829913166,2149.8488013763495,1267.1774033966094,564000
-1.923557606577875,1945.558922592164,1738.3624214630122,565000
-1.9534633158445354,828.4550768127453,842.0952733612054,566000
-1.9451846057176587,1408.9657655181898,1183.947932540894,567000
-1.9676458224654212,892.9360288085951,939.3457161254885,568000
-1.9747547170817885,1167.5476305694592,851.1383312377932,569000
-1.9886412209570419,1322.1042504577633,1178.7104098510772,570000
-1.9820917767882358,1929.954900314329,1245.9921679382314,571000
-2.0025374515354653,722.0013636627192,1509.2216540222169,572000
-1.997730187043549,1725.7412563781725,1896.9344891509982,573000
-1.9875448728203753,2310.298344177245,1866.9558118896473,574000
-2.0236438342332774,1478.8526426391575,2225.7258041992236,575000
-2.013996431529523,2021.8996723632822,1732.1953014068554,576000
-2.016822236448531,1458.9028791198753,1310.118269638061,577000
-2.0380851982831913,2143.937893035889,1500.23187503052,578000
-2.012864551074804,2836.7614573364226,2827.1676163024913,579000
-2.0538927330896253,1376.6447275390624,1168.8015729980477,580000
-2.047201737791302,2180.3459636535626,1717.4356225891136,581000
-2.062432421132923,2694.518762786868,2210.341698822014,582000
-2.0603698776736783,3523.807274353027,3218.6740431518533,583000
-2.083981484979392,1678.624030364989,1506.7444317932145,584000
-2.076986008435487,2749.6718239746065,2829.7353200683606,585000
-2.0954743607044217,3770.8924191894544,3208.6594854736286,586000
-2.102744959801442,2635.095438659673,3727.3062142944354,587000
-2.099242686033247,3470.409337463377,3053.7243690795963,588000
-2.1175857733488104,4229.713849365233,2854.146737365717,589000
-2.1168648712038896,3614.830999633791,3577.2272876586894,590000
-2.1019414866566706,5127.550883789064,5130.505774047851,591000
-2.1352705785036106,5187.257306091292,5181.097918212892,592000
-2.125557555317877,5699.703912841804,5388.6206552734375,593000
-2.123448185682297,5609.853458618161,4816.3598820800735,594000
-2.128368472099308,7486.0712283935545,7086.616780395508,595000
-2.1430430564880427,7722.315797851557,6450.230796508781,596000
-2.1396968600749964,9335.913966796905,8496.431599975596,597000
-2.1404950554370874,9112.82422412111,8997.892041259789,598000
-2.156471688985825,9799.36327709961,8678.98539953613,599000
-2.161586224079131,10652.19664721678,10331.501205078137,600000
-2.1750076392888986,12337.671460449223,11399.871124755857,601000
-2.1775669977664953,16364.891380126945,15023.242174316438,602000
-2.1795597977638255,18053.656294921937,16760.863796386726,603000
-2.194654330253605,20630.082978515602,19341.400610839835,604000
-2.1952761218547847,24645.604072753955,22629.3938354492,605000
-2.199980056524274,27006.946294433557,24422.43631494144,606000
-2.202940595626836,33485.79469628917,30406.867781250006,607000
-2.203188617467882,39093.485436523406,36927.32947265622,608000
-2.213709922552108,44541.32974218746,42056.25173925783,609000
-2.223269082069395,51068.719180664084,49183.86888281236,610000
-2.2264955468177816,61195.303315429635,58238.4064052734,611000
-2.2340412375927032,71506.92406445295,69369.45970410176,612000
-2.241296969413762,86068.65241796871,82346.51305468736,613000
-2.2480910503864306,95382.08347656247,92069.01379101581,614000
-2.248495562076567,110652.99480078135,105892.54360742186,615000
-2.2535397064685783,115909.39992578115,110685.0058359376,616000
-2.248923172950745,133745.27975585926,126715.12522265622,617000
-2.252804733037954,156904.83395507777,148462.9970976563,618000
-2.2538412063121847,201054.81107812468,191774.71137109344,619000
-2.2627263669967705,222137.40817187494,212629.79559375005,620000
-2.2705033421516396,276759.24975000037,266499.28371093795,621000
-2.2837752418518127,328937.9104140622,319121.1783203117,622000
-2.290336650848382,377502.03587500047,365375.28389062546,623000
-2.289976628541942,427370.3540546875,408422.5454999993,624000
-2.2890237755775464,507083.93420312525,479343.3766249997,625000
-2.2880951397419027,531124.246281251,492428.73312500014,626000
-2.282805752277375,589584.8831093776,546347.3637500007,627000
-2.278704487323764,756124.0841718732,718883.4845468737,628000
-2.28057148694992,983714.3595937502,950143.1299062505,629000
-2.29805635166168,1255575.9501874996,1216696.4415937488,630000
-2.311548612594606,1505075.3325937479,1445225.5794999988,631000
-2.3135276045799276,1753439.659031251,1671132.9816562524,632000
-2.3090215415954543,2023017.8763125013,1934869.5364999985,633000
-2.3095055928230273,2341937.561625006,2211933.114562501,634000
-2.3159152464866577,2588993.905187509,2417534.065312498,635000
-2.3188699717521644,2893640.0071250037,2724678.939062501,636000
-2.3131153707504177,3702170.155125,3576066.7164999996,637000
-2.3108667244911176,4615057.467624981,4486625.685124996,638000
-2.322348635196692,6021241.764749991,5920275.777125021,639000
-2.3339223890304592,7100999.862750005,6909000.835750001,640000
-2.339665253162387,7826946.243250006,7479314.908625003,641000
-2.3381221842765787,9519249.564999986,9194308.840249993,642000
-2.3377909679412774,11439271.938999975,10969079.224000018,643000
-2.339502344131471,14063970.87950001,13441272.334499992,644000
-2.342625935077664,16379081.430499999,15708732.67800001,645000
-2.3455574164390525,19236093.739499975,18556748.552000016,646000
-2.344557008266445,22773836.469500035,22124030.297000024,647000
-2.3447706260681143,27218673.217999946,26494647.38149993,648000
-2.3446299185752917,32232184.966999974,31380141.847,649000
-2.3471380510330153,37974162.70400009,36837512.97199993,650000
-2.3522668895721437,40585805.83799984,39660607.66900011,651000
-2.3549889640808135,48172211.33000006,46942345.44100014,652000
-2.357235135555271,53249003.66800015,51679665.10700006,653000
-2.3574197001457176,59112814.26800008,57719671.87000005,654000
-2.357780731678015,65963680.71000015,64928864.60400008,655000
-2.3580085177421553,74936057.65600017,72822695.59800011,656000
-2.356257103443143,82835949.16599986,79758463.77399996,657000
-2.3582347869872993,91175991.16999982,88031437.50000006,658000
-2.3556179122924763,104036864.95199986,99520840.03800003,659000
-2.3554789824485796,113196170.2719999,108376325.00400007,660000
-2.3545241394043015,127053800.52399999,121637357.3759999,661000
-2.35442302370071,141361196.0360002,135725574.63999996,662000
-2.354981908798218,164767655.32799944,157729573.98800045,663000
-2.356001746177677,176334934.1240001,169636996.46400043,664000
-2.3552645225524906,199369166.9399996,190672322.81599993,665000
-2.353695209980016,216183525.968,206366416.1120001,666000
-2.3544671916961635,226326647.07199976,215099668.6239999,667000
-2.3538677601814326,236769630.5839998,226407589.30400005,668000
-2.35320060586929,263458230.96799967,250113857.60799998,669000
-2.3541495647430413,267693683.22399953,253054861.33600032,670000
-2.3520873126983632,282184789.8640001,266616265.80000055,671000
-2.3530082807540933,309210988.09600055,289266616.88799995,672000
-2.3551027994155826,325158226.7919994,302287452.8399991,673000
-2.356044044017791,347361672.232001,322033374.7840004,674000
-2.3597948231697075,393120348.1840007,360751124.37600017,675000
-2.3623621063232427,414038119.3839999,377096220.95999956,676000
-2.361943324565891,443489463.76000047,407426224.39999926,677000
-2.366690861701969,485731466.5919997,450081328.3840004,678000
-2.3667214384079007,494994798.0479998,467384711.48799974,679000
-2.368643077850341,532439634.3519996,499630872.448,680000
-2.369638560771946,550710775.0879992,528817619.3760005,681000
-2.370497181892398,574389191.8080004,553654942.1600001,682000
-2.371167880058282,588365334.5920005,564025222.5919989,683000
-2.367379212379453,618912600.8320001,594579385.2799996,684000
-2.3658897566795387,639974621.087999,612231537.1839991,685000
-2.3664756603240957,696736015.9039987,664663544.7840009,686000
-2.3677716679573058,758270293.5520016,717519785.6,687000
-2.3696036620140113,781884645.3759995,735143541.9200008,688000
-2.3728852925300545,861707112.672,809112357.7599996,689000
-2.3716532011032063,894509213.024001,842726937.2479991,690000
-2.3726530132293706,977092600.4480008,921270056.2880008,691000
-2.3717023420333887,987009074.6239991,930116095.0400002,692000
-2.3706677198410055,1090021027.9999988,1026503244.6079994,693000
-2.3696174340248106,1099334154.4319987,1030480164.6400001,694000
-2.3681423039436336,1177308989.888002,1104027072.2559974,695000
-2.366108295440674,1225897749.0880027,1147583484.5119991,696000
-2.3646214280128497,1379317203.0399983,1276748924.4479983,697000
-2.365291277885442,1504327861.3120036,1398495947.2640007,698000
-2.365990151405336,1709903346.3679988,1573133239.616001,699000
-2.3666096210479646,1952470233.0879972,1798140968.6079965,700000
-2.3691843380928024,2164900786.8160076,1975955352.3840022,701000
-2.3714846744537317,2487177861.119998,2271115738.8160005,702000
-2.3725641832351743,2651166597.3759956,2421908554.3039956,703000
-2.372049206733707,2695007852.4159994,2492092802.880002,704000
-2.3715953679084816,2724404010.8159966,2532512423.5520053,705000
-2.3709209990501354,2781252028.8000016,2583958964.0320015,706000
-2.365734735012054,2760962012.3519983,2570869079.296001,707000
-2.364741888523107,2724138743.5519943,2531273824.575999,708000
-2.362662915229795,2741331602.175999,2587045698.687998,709000
-2.3581813154220623,2672889429.1839943,2545663254.7200074,710000
-2.3543995375633266,2751118029.1200085,2617565090.3039975,711000
-2.3533600807189927,2808273732.8640013,2702094684.352001,712000
-2.3519873561859113,2877956800.7679987,2775363057.6639996,713000
-2.351306649684907,2966634000.000005,2877674979.7120004,714000
-2.3521943984031646,3067938275.008,2982500977.6000004,715000
-2.353684854030606,3161274034.5600038,3074157103.0399976,716000
-2.3518198952674836,3194002601.7280054,3079573304.1919985,717000
-2.34996256446838,3389414324.991996,3268675946.6239924,718000
-2.346799387931824,3402449696.3839984,3254484992.8960023,719000
-2.34654787015915,3432085651.3279986,3274319264.2560015,720000
-2.3467411665916442,3393449904.895995,3244654374.0160007,721000
-2.342119565486911,3403967521.792004,3257233462.01601,722000
-2.341612994194032,3497666778.111995,3313722087.296,723000
-2.339026116847991,3451145297.920005,3280363158.9120035,724000
-2.3392665128707866,3418904157.5679994,3273692434.1759934,725000
-2.336695216178888,3521952373.248004,3326493478.5280046,726000
-2.3364516978263854,3649979361.0240035,3470254289.2799973,727000
-2.3363581237792905,3763690122.2400026,3561166735.4880013,728000
-2.3352722802162234,3753459138.9439964,3561533049.088005,729000
-2.3331059336662294,3874938211.7120028,3680263168.7680006,730000
-2.3313307671546926,3981706998.0160007,3764479122.687999,731000
-2.3302066783905055,4013667415.168,3788128318.8480015,732000
-2.3298315253257775,4210921411.5839953,3951520053.887994,733000
-2.3303864474296634,4249764365.439997,3961193198.4640026,734000
-2.3283533344268816,4263858428.6719975,3980009228.9280057,735000
-2.3308616452217095,4501271335.040008,4189994783.360002,736000
-2.330412155151369,4478169297.79201,4172287720.5760007,737000
-2.328734514713289,4638660943.103998,4356216185.85601,738000
-2.3285430445671054,4787259484.160012,4475775471.231995,739000
-2.328828049182887,4927727502.848005,4579604330.623998,740000
-2.3287849931716864,5140857859.839991,4759819564.800011,741000
-2.330840090274806,5445433739.00799,5024938887.167997,742000
-2.3324530229568463,5733859139.328011,5306939642.111987,743000
-2.3357213454246493,6139016406.016005,5651070980.351993,744000
-2.3372193741798406,6531492118.527996,6014062887.679987,745000
-2.3397363109588496,6921071302.143993,6371578970.879992,746000
-2.3444203853607135,7434364531.456006,6853329116.927989,747000
-2.3442330174446058,8005353941.760001,7331075091.711991,748000
-2.3454439415931683,8437722342.91199,7777963781.632001,749000
-2.3471851286888135,8772960870.912025,8135424741.375993,750000
-2.349778110027309,9123506294.272,8457315688.704005,751000
-2.349422187805173,9349956454.399984,8686901469.695995,752000
-2.353025825023648,9500879821.823973,8812654756.607992,753000
-2.352023523807523,9978253575.680002,9259921807.360003,754000
-2.3573857126235973,10221905109.504004,9534525522.688019,755000
-2.3587609596252466,10827791421.439993,9994576626.176006,756000
-2.359438732147212,11464567244.288006,10649055768.576021,757000
-2.3622812676429685,12240366940.671991,11314591574.015995,758000
-2.364257660865784,12983274605.567995,11925639335.936014,759000
-2.3628929743766727,13826234550.78399,12486465548.287975,760000
-2.3638669643402084,13756459603.96796,12233034064.896019,761000
-2.3645753431320147,14650993097.727995,13027841929.727972,762000
-2.364793320178985,15146736571.903992,13608853232.640005,763000
-2.3651073060035706,15617948980.736006,14179129197.568022,764000
-2.366847210884093,16511639416.320024,15087068772.863998,765000
-2.368858929157265,17088741308.928015,15852172325.376009,766000
-2.370610598564149,17717066818.048042,16521929346.04799,767000
-2.3720027685165412,18684094944.256035,17522452873.728016,768000
-2.372184482097624,18641202050.559967,17544585923.584034,769000
-2.374519438266756,19692170363.904037,18586230155.26402,770000
-2.3745253996849,18875534949.375988,17682408120.32003,771000
-2.3730858707427958,19496379817.984062,18135603088.384007,772000
-2.375594031810765,19118809562.112015,17684714196.99196,773000
-2.3781324148178027,19010533684.73603,17640366938.623962,774000
-2.3767373809814467,19471216214.01601,18037801276.92801,775000
-2.3751020889282235,19413708249.08798,17926778169.343983,776000
-2.3733731017112745,20561297346.56002,19133515262.975937,777000
-2.37229530239105,21651471251.455948,20358996604.928,778000
-2.3705851263999915,24422589425.663994,23057093264.38402,779000
-2.3724121413230943,26941460415.48799,25735718271.99997,780000
-2.3724620156288108,30180567333.88801,28927181790.208,781000
-2.375071236133572,33381342803.96795,32419861163.008034,782000
-2.3759045033454913,36111005283.32802,35244426708.99204,783000
-2.37753873586655,39098536945.66398,38332751831.04008,784000
-2.3793073601722723,41441191518.20804,40682478641.15198,785000
-2.3813493409156807,44001313748.99207,43219941816.31997,786000
-2.3831551485061686,47126778992.640076,46290742996.992065,787000
-2.3844253149032584,50030787694.59191,49356312225.79191,788000
-2.385080609798425,55258258511.87198,54277337348.09599,789000
-2.385917896270752,58638545895.42395,57724986083.32801,790000
-2.389024092674256,63589241608.19199,62730748286.97597,791000
-2.3905788135528625,68373653307.392105,67949809907.711975,792000
-2.392504848480234,73285648848.89577,73114160695.29619,793000
-2.3932392373085096,78533529952.25586,78887333306.36787,794000
-2.395794468879702,85365781233.66403,86112843018.24011,795000
-2.399446072578428,89683102457.85616,89886971260.928,796000
-2.400131265640256,97308969947.13582,97456624836.60812,797000
-2.4025328173637375,104687443382.27176,103324862861.31197,798000
-2.4042894287109338,112056659894.272,111112439894.01607,799000
-2.4061169404983547,119997146001.40797,119184863989.76001,800000
-2.4092985467910704,130148268179.45609,128877653532.6721,801000
-2.4102872729301423,133843844632.57608,132127231741.95197,802000
-2.4124931421279814,143025704353.7923,141794129141.76007,803000
-2.414087806701665,151123517059.0717,149981483171.83975,804000
-2.415452606678009,156905247277.0565,156239844925.44003,805000
-2.4166534929275536,167533281148.92828,167199229517.82352,806000
-2.4188667798042336,174287788556.2883,173945416540.15982,807000
-2.419668941497795,176881989468.16016,176612594679.80762,808000
-2.4205760817527766,190424144797.6958,190105067061.24796,809000
-2.421335737228396,202148933943.29575,202378170228.73602,810000
-2.422988484859464,211896755929.0887,211443688521.72806,811000
-2.425026636123657,226187053539.32825,227124682285.05646,812000
-2.4254269695281945,245060415029.24857,245603539558.40036,813000
-2.4270150351524413,261596930244.60812,262228071612.4161,814000
-2.4266302361488368,291279774973.9519,291753859088.3846,815000
-2.427686738014226,313370607239.1685,315408578199.55286,816000
-2.4283648710250803,345242710917.1204,345980981706.75183,817000
-2.4298957371711687,377547810521.0871,377721157795.83887,818000
-2.4308897733688353,414828121096.1922,415598196998.1437,819000
-2.4319493122100857,461682133860.3519,461645234307.0723,820000
-2.433164366722102,509886630232.0644,508973897433.0888,821000
-2.434394026279451,573362150768.6387,569693700947.9668,822000
-2.4347113676071213,632664401674.2406,631493079793.6654,823000
-2.4360037636756933,694825799974.914,691304844951.5525,824000
-2.4368378071784984,777486430011.3932,774042590052.3518,825000
-2.437837502479553,856027076034.5602,852053649063.936,826000
-2.4390537266731314,926482935316.4788,920911742107.6488,827000
-2.4401030955314615,1027427639885.8231,1019222924623.8724,828000
-2.440955253124239,1124947426476.0354,1112893563863.041,829000
-2.4412616262435933,1239303692943.3623,1226201533906.943,830000
-2.4418171243667515,1375208028766.2075,1358931590578.1758,831000
-2.442004601001735,1502972074459.1377,1484243115638.7844,832000
-2.4432535295486506,1645583280635.9065,1627452338929.6636,833000
-2.443905134677882,1839460350033.9226,1815351162044.418,834000
-2.4442367911338843,2031337395060.7349,2009121598406.6558,835000
-2.4447268643379236,2178807953817.599,2155862645145.6006,836000
-2.444839062690741,2430897355096.062,2405750227075.068,837000
-2.4457298688888587,2646221104218.114,2620154590789.632,838000
-2.446324617385872,2963388460433.4053,2935762549997.568,839000
-2.4466092605590823,3218218192601.0825,3187460829478.91,840000
-2.446593802452079,3598044639789.0557,3573883197587.4585,841000
-2.4473767476081822,3952271482290.165,3926496217923.581,842000
-2.447871369361876,4481216003309.5625,4451276695273.466,843000
-2.4482374472618136,4886534710099.965,4853126940590.081,844000
-2.448340202331545,5482292728037.376,5445159597637.638,845000
-2.4484075517654436,6161758067884.034,6130938169786.365,846000
-2.448757740020749,6882850261696.51,6852098662072.326,847000
-2.4489650759696957,7470128677519.359,7428605232283.652,848000
-2.449239389419551,8318062166540.29,8294473303064.583,849000
-2.449594476222984,9386496294912.0,9346397217488.922,850000
-2.4501298742294284,10302241183891.447,10263453647503.365,851000
-2.450194735050194,11435924021313.566,11402415702540.287,852000
-2.4504354343414314,12711993480314.846,12678223971221.523,853000
-2.450691775798793,14189380119298.05,14144593129373.697,854000
-2.450475451469421,15824886570156.025,15779272322973.684,855000
-2.450415652751922,17813777435590.652,17764340984184.85,856000
-2.450406675815587,19760988188835.86,19721888290832.406,857000
-2.4504456086158686,21866998373810.164,21837733084266.527,858000
-2.4505743956565853,24639930416234.496,24624311244423.137,859000
-2.4504239258766187,26658817481637.836,26619002381926.445,860000
-2.45046406650544,30250326466494.445,30245922048835.594,861000
-2.4504519124031026,34229038065123.29,34254014954602.445,862000
-2.4506026821136464,37988503960682.45,38032880861970.4,863000
-2.4505134344101,42131892902821.93,42252021113290.664,864000
-2.4506482048034663,47495883777900.58,47627586469101.65,865000
-2.4507858743667654,52732838908264.41,52894403747905.52,866000
-2.4504885115623503,59331197890723.91,59554400869285.84,867000
-2.45054223966599,66303171347087.3,66597119091277.8,868000
-2.450562900066369,73064214335324.16,73401615108800.3,869000
-2.4504890065193186,81026622081204.05,81432823237443.75,870000
-2.4503268804550187,92239615053791.17,92716244028883.11,871000
-2.4502464799881034,101775827078742.05,102255661504528.58,872000
-2.4499183464050276,113647936444825.78,114315064671993.81,873000
-2.4498868823051456,128908586154721.3,129533851486650.55,874000
-2.4498043117523203,144253446537609.25,145034298779500.8,875000
-2.449735235214232,166703780136485.06,167712185588384.0,876000
-2.4497150821685767,182863014301532.0,183739801726353.44,877000
-2.4493767828941375,206795898154385.88,207930840066293.56,878000
-2.449345633506772,238918401269956.6,239942825771269.66,879000
-2.449348539829255,261923503811329.88,263187029116846.16,880000
-2.4492698860168405,303343568318103.75,305126947589980.0,881000
-2.449011967182151,321832256870023.6,323632550914293.3,882000
-2.4489369111061117,377808834879554.0,380216598662741.9,883000
-2.4487565317153956,426202903359782.94,429016738298855.56,884000
-2.448606225490575,471508919865311.44,473934161111941.56,885000
-2.4485311384201096,533943009977302.8,536897754689961.7,886000
-2.4483319039344775,594363068943697.8,597632686902738.5,887000
-2.4483782181739815,665864380780379.5,669832007596901.5,888000
-2.448221656799321,725853784667849.1,729979081763849.1,889000
-2.448237141132351,830768004382852.1,835283778061467.6,890000
-2.4481129045486467,946502279958101.4,951896508632923.1,891000
-2.4481290917396494,1040155908010671.1,1045324443536064.0,892000
-2.4480763940811126,1158453603644472.2,1164779095012147.2,893000
-2.4480203266143894,1298015509354121.2,1304783645621353.0,894000
-2.448110772609713,1419311297614319.8,1426877579331108.5,895000
-2.4480327177047716,1609803684084974.8,1618687287334275.2,896000
-2.4478757362365764,1817170701379961.8,1826420679164033.5,897000
-2.447988999366759,2005744129010563.8,2014961128089584.8,898000
-2.4481071524620033,2277723529023582.5,2289247574953033.5,899000
-2.448263932228092,2504971548889185.5,2519288750899470.0,900000
-2.4481296396255465,2780275840926089.0,2795039206554987.5,901000
-2.4483063883781373,3054784051513661.5,3070580166255185.5,902000
-2.4482113838195825,3397975383616781.0,3415659747712436.5,903000
-2.4484025211334237,3590301795949214.5,3607376809546484.5,904000
-2.448231712818147,4046580831358024.0,4067772921014123.5,905000
-2.4480606393814104,4622486406390880.0,4650666991550472.0,906000
-2.4482098784446724,5036344082566229.0,5065613159004388.0,907000
-2.4483740215301504,5491916741481067.0,5522962099086570.0,908000
-2.448492798328397,6037233732170032.0,6068523999145482.0,909000
-2.4485242404937737,6516682023417932.0,6552456577431902.0,910000
-2.4485293259620664,7224264704716179.0,7267468733692499.0,911000
-2.44855389976502,8046244530359374.0,8092791849120446.0,912000
-2.4486736373901294,8528444862972808.0,8583037281739220.0,913000
-2.4487727766036977,9453241903198750.0,9507851373790630.0,914000
-2.448823342800144,1.0081750945290532e+16,1.0147501489912802e+16,915000
-2.4490720381736804,1.1434358151521002e+16,1.1503804919228414e+16,916000
-2.4488767881393443,1.2056551763373736e+16,1.2124590537990758e+16,917000
-2.4490031771659817,1.331373984961056e+16,1.3403461672400582e+16,918000
-2.449017340183258,1.3992821440928284e+16,1.4077469335920522e+16,919000
-2.4493253011703446,1.5097774989299952e+16,1.5215017843683756e+16,920000
-2.4491564536094654,1.6654316216273328e+16,1.6772847729960282e+16,921000
-2.4495354852676385,1.8192954397669976e+16,1.8325185971194144e+16,922000
-2.4494001922607382,1.9518583345845904e+16,1.9644124078656224e+16,923000
-2.4495357179641695,2.1260828873578176e+16,2.141638300481984e+16,924000
-2.4496053104400732,2.2359754051487236e+16,2.2537033468952396e+16,925000
-2.449556995391845,2.448803859330498e+16,2.4686722043103684e+16,926000
-2.4497344460487382,2.6785876466378812e+16,2.700702337467215e+16,927000
-2.4497674312591555,2.8970714885913616e+16,2.9196762870508924e+16,928000
-2.4499183292388915,3.102077154838447e+16,3.125963055820911e+16,929000
-2.4501351537704465,3.2428288276453932e+16,3.268200449727838e+16,930000
-2.450061279773712,3.463713810579404e+16,3.493532610807101e+16,931000
-2.450204444885252,3.692753992589453e+16,3.725683201475722e+16,932000
-2.4501889634132454,4.065269510366157e+16,4.099701176658829e+16,933000
-2.4503394765853854,4.29210937805348e+16,4.331567977470726e+16,934000
-2.450446599483487,4.619283506443737e+16,4.66066749030767e+16,935000
-2.450473787307744,4.894250320391878e+16,4.939288841247366e+16,936000
-2.4504788980484036,5.166919203463727e+16,5.220957296571022e+16,937000
-2.4504484906196575,5.547563382250392e+16,5.602529348925416e+16,938000
-2.4505848793983374,5.973322060937768e+16,6.029911126677711e+16,939000
-2.4507177114486676,6.33506666176965e+16,6.400081548394733e+16,940000
-2.450694150924679,6.6906966795824856e+16,6.759038055100298e+16,941000
-2.4507027821540825,7.263198124015043e+16,7.33619286531405e+16,942000
-2.4508116664886486,7.791043722950451e+16,7.866902025890429e+16,943000
-2.4508267574310283,8.274762649645638e+16,8.358577414934938e+16,944000
-2.45098993396759,8.705482319858355e+16,8.793713858360365e+16,945000
-2.450894946098325,9.158043922989269e+16,9.253197905095394e+16,946000
-2.4511238274574256,9.889246091991962e+16,9.993673238773147e+16,947000
-2.4513095865249603,1.0308944517922848e+17,1.0419636817250518e+17,948000
-2.451161796092988,1.0762400566676256e+17,1.0874854274397496e+17,949000
-2.4512671570777846,1.1685202710020445e+17,1.1804257927001267e+17,950000
-2.4514056892395044,1.1985170163204267e+17,1.2114163422977432e+17,951000
-2.4516020679473827,1.3205302258111507e+17,1.3341870394938341e+17,952000
-2.451217825889588,1.3849459707690874e+17,1.3993257177708482e+17,953000
-2.4515697641372642,1.4556139547671888e+17,1.4700938350230397e+17,954000
-2.4513730607032747,1.5471047654083658e+17,1.5626302371129184e+17,955000
-2.4515315580368067,1.603460740395521e+17,1.6192265017763834e+17,956000
-2.4513968596458433,1.6966042294984474e+17,1.71483191689988e+17,957000
-2.4515602259635996,1.808836480846111e+17,1.826537811071899e+17,958000
-2.4518346853256214,1.9232429049403507e+17,1.942867327560568e+17,959000
-2.4517489161491435,2.0072771526362336e+17,2.027167263522512e+17,960000
-2.4518835849761937,2.1161081243775142e+17,2.1366032501269165e+17,961000
-2.4518105659484815,2.258148076597744e+17,2.2794228803875923e+17,962000
-2.451743381500242,2.3250238319349488e+17,2.3475960743061536e+17,963000
-2.452087746143338,2.4439861816726227e+17,2.4668935977081606e+17,964000
-2.451742366313937,2.5848460174112326e+17,2.6091540906578762e+17,965000
-2.452050491333013,2.664716039364386e+17,2.690775278924882e+17,966000
-2.4519714469909624,2.8146638669016502e+17,2.8416614528781072e+17,967000
-2.452214169502259,3.0460249172111654e+17,3.0767234904222816e+17,968000
-2.4520221128463686,3.1367094322245165e+17,3.1663986943058406e+17,969000
-2.452192332744599,3.294761989149572e+17,3.326096509148783e+17,970000
-2.452100763797757,3.4039943446543405e+17,3.435982323913072e+17,971000
-2.452012698650359,3.6355660696380717e+17,3.668886135065244e+17,972000
-2.452000628471377,3.7571807265218726e+17,3.792786451481012e+17,973000
-2.452162733554845,4.047602168986821e+17,4.086092779841823e+17,974000
-2.4521134443283112,4.230766544735396e+17,4.271022952624439e+17,975000
-2.4520246567726134,4.43680227030473e+17,4.477352340569688e+17,976000
-2.4521242671012913,4.541533786128094e+17,4.5885728098069734e+17,977000
-2.4523233366012565,4.7628832412995386e+17,4.8114749264078656e+17,978000
-2.452309999465939,4.976204537588331e+17,5.0252203409246426e+17,979000
-2.452177697658542,5.1501688094915475e+17,5.2008574711504685e+17,980000
-2.452071866512297,5.327748860257823e+17,5.381705674888616e+17,981000
-2.452080301761624,5.6768382935234464e+17,5.730469553756369e+17,982000
-2.452381925106051,5.841627867773126e+17,5.899910569513098e+17,983000
-2.4520913896560654,6.216115506134084e+17,6.278707131408568e+17,984000
-2.452219932556149,6.719768260770324e+17,6.779548973401486e+17,985000
-2.4524404792785637,6.654413534772041e+17,6.721780216725295e+17,986000
-2.4524024729728655,7.125213680318868e+17,7.195283423991676e+17,987000
-2.452463155746459,7.485099818694071e+17,7.561984416181192e+17,988000
-2.4525272707939174,7.547004499168287e+17,7.624073919062502e+17,989000
-2.452384141921993,8.155808408892145e+17,8.241332877697034e+17,990000
-2.4521576952934225,8.216508217208653e+17,8.304962459128014e+17,991000
-2.452506623268127,8.93890918677366e+17,9.025523851594081e+17,992000
-2.4523339390754684,8.869798307262806e+17,8.965938529566516e+17,993000
-2.452434111595157,9.393291011862273e+17,9.48887677622189e+17,994000
-2.4524507565498266,9.812389316744586e+17,9.907801190935122e+17,995000
-2.4523439898490875,1.0086998628803418e+18,1.0201287644984461e+18,996000
-2.452431487083438,1.0755313699526328e+18,1.0860836111930633e+18,997000
-2.452466143131251,1.0937619508993158e+18,1.1045819852747965e+18,998000
-2.4524801597595243,1.1342522306496696e+18,1.1461473346812417e+18,999000
-2.4527130007743843,1.1736072688018716e+18,1.185837512189566e+18,1000000
